type,actual,prediction,weight,Breast,Colorectum,Upper GI,Liver,Lung,Ovary,Pancreas
NOM:,4,0,1,0.725520168,0.031280522,0.002631985,0.001060187,0.2386195,8.72E-04,1.54E-05
NOM:,4,4,1,0.003950077,0.142262311,1.71E-04,8.79E-04,0.852201456,2.88E-04,2.48E-04
NOM:,4,4,1,0.049639401,0.073576375,2.42E-04,2.65E-04,0.869448628,0.005134802,0.001693786
NOM:,4,4,1,0.071234637,0.050577838,0.001506567,1.12E-04,0.873329486,0.002351378,8.88E-04
NOM:,4,1,1,0.350159287,0.580822837,0.001395283,0.010122236,0.052715006,0.003946594,8.39E-04
NOM:,4,4,1,0.005487553,0.029286823,2.89E-05,1.91E-04,0.964939805,6.04E-05,5.58E-06
NOM:,4,1,1,0.001333895,0.605255512,8.73E-04,0.025110965,0.365729401,1.13E-04,0.001584648
NOM:,2,3,1,0.001467562,0.12289712,0.033338227,0.807837803,0.033600565,4.41E-05,8.15E-04
NOM:,2,2,1,1.08E-04,0.074936332,0.92157868,0.00333083,4.24E-05,6.20E-07,2.68E-06
NOM:,2,4,1,0.011154952,0.03971824,0.028559973,0.06092873,0.858147935,7.89E-04,7.01E-04
NOM:,2,0,1,0.869243536,0.108828358,0.020481387,0.001218239,1.92E-04,3.56E-05,1.08E-06
NOM:,2,2,1,3.63E-04,0.345786211,0.650028656,0.003645623,1.75E-04,3.83E-07,7.59E-07
NOM:,2,3,1,0.009938142,0.359466217,0.176359883,0.416390177,0.037172706,6.40E-05,6.09E-04
NOM:,2,2,1,0.001340094,0.382065204,0.615694217,8.91E-04,2.70E-06,6.09E-07,5.96E-06
NOM:,2,2,1,1.29E-04,0.054665449,0.880802127,0.064340901,3.10E-05,1.87E-07,3.10E-05
NOM:,1,1,1,0.18803831,0.513169044,9.42E-05,0.001280982,0.276572531,0.020099225,7.46E-04
NOM:,1,1,1,0.003783484,0.992276058,0.001450014,1.67E-04,0.002295896,2.63E-05,7.78E-07
NOM:,1,1,1,2.16E-04,0.947965607,3.45E-04,0.015569444,0.034923091,8.84E-05,8.93E-04
NOM:,1,1,1,4.43E-05,0.521527146,0.459206306,0.016652998,0.002556998,8.84E-07,1.14E-05
NOM:,1,1,1,2.19E-05,0.999911114,3.35E-06,8.51E-06,1.64E-05,2.72E-05,1.16E-05
NOM:,1,1,1,3.24E-04,0.921105054,0.058722549,0.018632241,2.88E-04,2.18E-06,9.26E-04
NOM:,1,1,1,9.39E-05,0.637008033,0.351914447,0.01055624,2.41E-05,1.20E-07,4.03E-04
NOM:,1,1,1,2.99E-05,0.992267878,5.41E-04,0.006041062,0.00105097,2.10E-05,4.86E-05
NOM:,1,1,1,0.156268846,0.497920899,0.001384056,0.022186371,0.263404732,0.0035442,0.055290896
NOM:,1,3,1,0.022017655,0.052694475,0.128955655,0.794442458,0.001671077,5.92E-05,1.60E-04
NOM:,1,1,1,0.002647412,0.996457793,6.87E-04,8.22E-05,4.78E-05,3.14E-05,4.61E-05
NOM:,1,0,1,0.667771829,0.295243258,0.008533271,0.012515379,0.015712686,1.96E-04,2.77E-05
NOM:,1,1,1,0.0861619,0.8836874,5.47E-04,2.50E-04,0.029212963,1.37E-04,3.53E-06
NOM:,1,1,1,0.003592469,0.857695731,0.061682381,0.075617572,3.49E-04,2.54E-04,8.09E-04
NOM:,1,1,1,0.339905857,0.576568409,0.012608504,0.01655415,0.053878327,4.60E-04,2.46E-05
NOM:,1,6,1,0.046885023,0.255349821,4.23E-05,0.002203233,0.21510205,0.178966583,0.301450958
NOM:,1,1,1,2.19E-04,0.9996506,4.29E-06,1.23E-05,5.67E-05,2.69E-05,3.00E-05
NOM:,1,2,1,6.65E-06,0.079113815,0.909862697,0.010895927,1.20E-04,6.19E-08,6.60E-07
NOM:,1,1,1,1.58E-04,0.999048464,6.79E-05,1.50E-04,9.73E-05,1.34E-04,3.44E-04
NOM:,1,1,1,7.78E-05,0.986652749,4.18E-04,0.008915929,0.002283339,1.08E-04,0.001543927
NOM:,1,3,1,0.039507202,0.094317249,0.076491822,0.788686517,1.33E-04,5.11E-04,3.54E-04
NOM:,1,0,1,0.836867436,0.151246209,0.007536867,0.00391228,3.40E-04,8.91E-05,7.67E-06
NOM:,1,2,1,0.27802448,0.238524051,0.278487135,0.200780085,0.003020897,0.001088194,7.52E-05
NOM:,1,4,1,0.019527016,0.456226407,5.43E-05,1.62E-04,0.521247372,0.001432583,0.001350258
NOM:,1,1,1,0.013427736,0.786895543,0.194486415,0.004179686,0.001005684,1.12E-06,3.81E-06
NOM:,0,0,1,0.543897788,0.078870849,0.001075383,0.002075334,0.373025594,0.001030434,2.46E-05
NOM:,0,0,1,0.833219491,0.122312423,0.010940392,0.027875072,8.60E-04,0.004361382,4.31E-04
NOM:,0,0,1,0.608367894,0.200224548,7.57E-04,0.008067183,0.165053943,0.014290108,0.003239506
NOM:,0,0,1,0.9343642,0.05791297,0.001460357,0.001101253,0.003917539,9.94E-05,0.001144331
NOM:,0,4,1,0.038989907,0.199327018,7.60E-06,5.77E-05,0.761428226,9.83E-05,9.12E-05
NOM:,0,0,1,0.918673497,0.051762868,0.003184593,0.001148734,0.011791584,0.001367819,0.012070906
NOM:,0,0,1,0.878682391,0.05987032,0.00859572,0.046752798,7.63E-04,0.004631065,7.04E-04
NOM:,5,5,1,0.006164048,0.001416188,3.62E-04,0.001174899,0.011055451,0.979800996,2.63E-05
NOM:,5,0,1,0.428917521,0.020288955,0.001247692,0.014095567,0.315154602,0.219972314,3.23E-04
NOM:,5,5,1,3.27E-05,8.07E-06,8.76E-06,1.15E-05,9.85E-06,0.999920431,8.66E-06
NOM:,5,5,1,2.24E-06,1.10E-06,1.09E-06,1.36E-06,2.75E-06,0.999990226,1.22E-06
NOM:,5,5,1,0.002327983,9.86E-04,0.001341939,0.0021992,9.07E-04,0.987928158,0.004309275
NOM:,6,6,1,0.006040725,0.011613135,2.99E-05,4.74E-04,0.00836636,0.001764685,0.971711547
NOM:,6,1,1,0.090493045,0.650845393,8.16E-04,0.00833136,0.09789753,0.082831702,0.068784923
NOM:,6,6,1,5.17E-04,0.001013478,5.13E-05,0.01126968,1.38E-04,4.24E-05,0.986968049
NOM:,6,6,1,3.81E-04,0.009473039,9.56E-04,4.40E-04,0.001183972,1.49E-05,0.98755058
NOM:,6,6,1,1.01E-04,1.80E-04,1.57E-04,1.51E-04,4.40E-05,4.79E-06,0.999361993
NOM:,6,6,1,2.07E-06,1.67E-06,4.44E-08,2.10E-07,1.25E-07,9.66E-08,0.99999579
NOM:,6,6,1,8.08E-07,1.14E-05,4.39E-07,9.47E-07,1.11E-06,4.04E-07,0.999984895
NOM:,3,1,1,0.086527931,0.475632212,0.061299304,0.328883703,0.024445704,7.84E-04,0.022427351
NOM:,3,3,1,3.68E-04,0.006801653,0.12944238,0.863125824,7.01E-05,1.20E-04,7.19E-05
NOM:,3,2,1,7.27E-05,0.03824415,0.875265784,0.086176215,2.30E-04,3.33E-06,7.38E-06
NOM:,3,3,1,2.89E-04,0.233144699,0.194800461,0.560490264,0.011264587,7.67E-06,3.78E-06
NOM:,4,4,1,0.011226019,0.394750389,1.85E-05,4.10E-05,0.593571926,1.07E-04,2.85E-04
NOM:,4,4,1,0.002949591,0.009953058,9.76E-04,1.84E-04,0.980650282,2.71E-04,0.00501683
NOM:,4,4,1,0.003767685,0.089674585,5.66E-06,1.26E-04,0.906093625,3.27E-04,5.50E-06
NOM:,4,2,1,0.023087136,0.262267573,0.471274151,0.237391953,0.001694194,3.28E-04,0.003956672
NOM:,4,0,1,0.511480812,0.006355444,0.003211514,3.21E-04,0.478582202,4.44E-05,4.21E-06
NOM:,4,0,1,0.627185941,0.097747458,0.023264451,0.081043952,0.167531327,0.002056667,0.001170204
NOM:,2,2,1,4.66E-05,0.122092901,0.823966932,0.053785763,6.61E-06,2.21E-07,1.01E-04
NOM:,2,2,1,3.74E-06,0.047579034,0.946914371,0.005488312,5.19E-06,1.22E-07,9.23E-06
NOM:,2,2,1,2.81E-06,0.056524278,0.942840894,6.30E-04,1.50E-06,8.15E-08,2.45E-07
NOM:,2,2,1,7.30E-05,0.445178543,0.502360907,0.052216045,1.66E-04,9.25E-07,4.22E-06
NOM:,2,1,1,0.019748099,0.965337027,0.003820479,0.005935562,0.005136232,1.90E-05,3.59E-06
NOM:,2,2,1,0.001341649,0.150081156,0.827754604,0.020695502,1.18E-04,6.28E-07,8.51E-06
NOM:,2,0,1,0.513455264,0.418408542,0.056694731,0.003417564,0.007847786,3.06E-05,1.46E-04
NOM:,2,2,1,0.004972103,0.285611362,0.69271911,0.016355754,3.13E-04,6.73E-07,2.84E-05
NOM:,1,1,1,4.48E-04,0.696185492,0.280655853,0.008452701,0.014240257,4.16E-06,1.35E-05
NOM:,1,1,1,4.52E-05,0.999814845,3.59E-05,1.16E-05,3.44E-05,4.79E-05,1.01E-05
NOM:,1,1,1,9.75E-06,0.999969753,5.30E-07,4.74E-06,3.80E-06,6.30E-06,5.14E-06
NOM:,1,1,1,6.57E-05,0.999664019,3.26E-06,4.68E-06,1.76E-04,5.85E-05,2.81E-05
NOM:,1,1,1,0.002742522,0.628614584,9.06E-04,0.001876051,0.359938752,4.00E-05,0.005882517
NOM:,1,0,1,0.51024077,0.470328657,0.014761866,0.001840473,0.002750035,7.40E-05,4.18E-06
NOM:,1,2,1,3.81E-06,0.091345826,0.869804115,0.038602402,1.76E-05,6.48E-07,2.26E-04
NOM:,1,1,1,0.004248764,0.959422153,2.89E-04,0.001289992,0.007163868,0.018409276,0.00917696
NOM:,1,1,1,0.001370348,0.997175773,2.49E-04,4.09E-04,5.32E-04,1.71E-04,9.34E-05
NOM:,1,0,1,0.64506796,0.339137587,8.29E-04,1.92E-04,0.014723339,2.17E-05,2.85E-05
NOM:,1,1,1,0.078204506,0.905600173,0.011044233,0.001497134,0.003004059,5.31E-04,1.18E-04
NOM:,1,1,1,0.149275146,0.741346269,0.019655729,0.054454467,0.035141105,1.01E-04,2.64E-05
NOM:,1,1,1,3.27E-06,0.999988041,2.99E-06,1.18E-06,2.01E-06,1.47E-06,1.03E-06
NOM:,1,1,1,0.029811681,0.775594974,0.115932287,0.040912539,0.012717758,0.002019713,0.023011049
NOM:,1,1,1,1.48E-04,0.828064694,0.141622066,0.018829946,0.011302889,1.76E-05,1.51E-05
NOM:,1,1,1,0.101793993,0.834237607,0.059769752,0.004118751,7.45E-05,2.65E-06,2.73E-06
NOM:,1,1,1,0.08897556,0.710746471,0.080787179,0.11566236,0.001647374,0.001923335,2.58E-04
NOM:,1,1,1,0.002932809,0.990438757,1.96E-04,2.46E-04,0.002873521,3.20E-04,0.002992125
NOM:,1,1,1,0.007241032,0.925988074,0.011196688,0.028388647,0.018983118,1.57E-05,0.00818674
NOM:,1,4,1,0.083834558,0.020901424,1.11E-04,2.18E-05,0.879969377,0.013804127,0.001357841
NOM:,1,1,1,1.11E-06,0.999984156,7.40E-07,2.88E-06,6.09E-06,3.02E-06,2.00E-06
NOM:,1,1,1,0.009972947,0.794502395,0.172720524,0.017380244,0.00541406,8.69E-07,8.96E-06
NOM:,1,1,1,9.11E-06,0.993931782,0.002329702,0.001550502,0.002129809,1.50E-05,3.41E-05
NOM:,1,4,1,5.73E-05,0.057248537,2.06E-05,6.38E-04,0.941978271,4.26E-05,1.47E-05
NOM:,1,1,1,0.003580264,0.930222238,0.005516283,0.002964393,0.057355261,8.33E-05,2.78E-04
NOM:,1,1,1,7.45E-06,0.999921876,2.46E-06,3.89E-06,2.73E-05,2.66E-05,1.04E-05
NOM:,0,0,1,0.862068632,0.134812874,0.002041276,4.37E-04,6.22E-04,9.32E-06,8.88E-06
NOM:,0,0,1,0.881001973,0.037565554,0.002975393,0.006937194,0.038102848,0.005123093,0.028293945
NOM:,0,0,1,0.559939656,0.292496259,0.001773378,0.001816559,0.110626684,0.001036493,0.032310971
NOM:,0,4,1,0.306308456,0.095659971,9.94E-04,7.81E-04,0.593901155,0.001492466,8.63E-04
NOM:,0,0,1,0.498594419,0.466388289,0.003303609,0.017361691,0.011243206,5.16E-04,0.002592639
NOM:,0,6,1,0.01208789,0.120288669,0.031792202,0.00516039,6.97E-04,3.68E-04,0.82960533
NOM:,0,0,1,0.861035631,0.131248201,0.003007711,0.004614003,7.07E-05,1.95E-05,4.18E-06
NOM:,5,5,1,2.11E-06,1.12E-06,9.73E-07,7.61E-05,2.12E-06,0.999916663,9.28E-07
NOM:,5,5,1,2.31E-05,3.68E-07,1.04E-06,3.33E-06,8.72E-05,0.999879239,5.78E-06
NOM:,5,4,1,0.314920819,0.057601603,9.75E-05,7.05E-05,0.487099814,0.020437115,0.119772693
NOM:,5,0,1,0.61726784,0.109561893,4.15E-04,1.24E-04,0.254700233,0.017529269,4.01E-04
NOM:,5,0,1,0.894611062,0.026817923,7.43E-04,0.009743825,0.007550455,0.059878491,6.56E-04
NOM:,6,6,1,1.32E-05,2.86E-05,1.04E-05,1.76E-04,1.27E-06,1.60E-06,0.999768758
NOM:,6,6,1,0.010975222,0.071522099,0.003079538,1.01E-04,0.089032415,1.30E-04,0.825159323
NOM:,6,6,1,3.67E-05,5.39E-05,3.91E-05,7.32E-05,1.96E-06,1.77E-06,0.999793357
NOM:,6,6,1,5.47E-07,1.12E-06,1.81E-07,9.32E-07,4.87E-07,1.57E-07,0.999996582
NOM:,6,6,1,8.86E-06,8.83E-06,1.77E-05,1.12E-04,1.07E-06,1.53E-06,0.999850084
NOM:,6,6,1,0.004679826,0.027909567,0.002520046,7.66E-04,0.007040476,0.001423526,0.955660962
NOM:,6,6,1,4.54E-04,0.001730819,1.95E-05,1.95E-04,3.25E-05,1.53E-05,0.997552588
NOM:,3,6,1,0.128644624,0.026691093,0.008620601,0.192182531,0.008327745,0.012383669,0.623149737
NOM:,3,3,1,0.001909107,0.054894461,0.193625768,0.749341672,9.65E-05,5.86E-05,7.39E-05
NOM:,3,2,1,0.007706796,0.158134309,0.572946533,0.255813641,0.005289321,6.57E-06,1.03E-04
NOM:,3,1,1,3.32E-04,0.364846669,0.330826028,0.30282715,0.001015292,2.31E-05,1.30E-04
NOM:,4,4,1,0.03389711,0.043983626,9.23E-04,1.58E-04,0.909430028,0.008838851,0.00276954
NOM:,4,4,1,0.002447541,0.056704981,1.34E-05,5.36E-05,0.94076052,9.01E-06,1.09E-05
NOM:,4,4,1,0.025210186,0.102557129,0.019356526,1.25E-04,0.837838407,0.007011087,0.00790205
NOM:,4,4,1,0.008715338,0.150536484,0.010257306,0.032512417,0.797947735,9.59E-06,2.11E-05
NOM:,4,4,1,0.005712237,0.042657118,1.05E-05,9.83E-05,0.950617037,8.34E-04,7.03E-05
NOM:,4,4,1,5.38E-04,0.167898437,0.001354796,3.77E-04,0.825514121,0.00228308,0.00203491
NOM:,2,2,1,0.091328756,0.30533776,0.597891012,0.004548871,8.30E-04,4.93E-05,1.47E-05
NOM:,2,3,1,0.001259246,0.166062754,0.374081912,0.450713519,4.85E-05,3.85E-05,0.007795554
NOM:,2,3,1,0.001135231,0.310243062,0.281338382,0.337152184,0.001506169,9.26E-05,0.068532362
NOM:,2,2,1,3.22E-05,0.118755232,0.87599976,0.005210567,1.03E-06,1.40E-08,1.24E-06
NOM:,2,2,1,9.24E-07,0.069000206,0.906804958,0.024190759,1.15E-06,1.14E-07,1.89E-06
NOM:,2,1,1,0.02661242,0.66498692,0.303467366,0.004855414,1.61E-05,2.19E-05,3.99E-05
NOM:,2,4,1,0.001932609,0.024396175,0.014638954,0.00667727,0.952329904,9.92E-06,1.52E-05
NOM:,2,2,1,3.94E-06,0.233446088,0.57696436,0.189527552,3.55E-06,1.61E-06,5.29E-05
NOM:,1,4,1,0.003620172,0.389051207,3.93E-04,3.79E-04,0.606159977,3.78E-04,1.86E-05
NOM:,1,0,1,0.883656811,0.076246067,0.001569192,0.001222869,0.03719368,1.10E-04,1.46E-06
NOM:,1,1,1,0.013295012,0.60010073,0.004312464,8.08E-05,0.381709772,4.08E-04,9.31E-05
NOM:,1,1,1,0.006008878,0.703461891,0.267061046,0.021776492,0.001533247,6.43E-05,9.42E-05
NOM:,1,2,1,0.006639702,0.42850193,0.550180552,0.004282957,0.010279259,1.86E-05,9.70E-05
NOM:,1,2,1,2.42E-05,0.060934473,0.657421253,0.280993816,6.18E-04,2.29E-06,5.98E-06
NOM:,1,1,1,0.003419948,0.981020543,2.76E-04,0.001568255,0.009297376,0.002221031,0.002197338
NOM:,1,3,1,4.24E-04,0.250049722,0.107757606,0.636442912,0.002190932,9.59E-05,0.003038782
NOM:,1,1,1,1.99E-05,0.999862161,1.22E-05,1.63E-05,3.54E-05,5.00E-05,4.00E-06
NOM:,1,2,1,5.88E-06,0.144415252,0.84208736,0.013481827,4.55E-06,2.62E-07,4.86E-06
NOM:,1,1,1,0.010769465,0.935779464,0.021997765,0.03125358,2.95E-05,1.06E-04,6.43E-05
NOM:,1,1,1,1.27E-04,0.993888049,5.49E-04,0.00513864,2.87E-04,5.15E-06,6.17E-06
NOM:,1,1,1,0.083421392,0.874519399,0.006177853,0.004507624,0.031278967,8.56E-05,9.15E-06
NOM:,1,1,1,0.006075047,0.887716948,0.050689508,0.017315939,0.038165273,3.30E-05,4.30E-06
NOM:,1,2,1,0.045394448,0.431363355,0.497373669,0.025785414,5.34E-05,5.76E-06,2.39E-05
NOM:,1,1,1,0.071941761,0.494518563,0.423367459,0.010100335,2.95E-05,5.66E-06,3.67E-05
NOM:,1,1,1,0.039782914,0.930815741,0.026429673,0.00178986,0.001171617,3.45E-06,6.74E-06
NOM:,1,1,1,0.106787809,0.461082185,1.19E-04,2.17E-04,0.41691038,0.006216179,0.008667826
NOM:,1,1,1,6.81E-06,0.999976684,5.22E-07,9.07E-07,8.44E-06,2.67E-06,3.97E-06
NOM:,1,1,1,0.054570887,0.888072452,0.003133607,0.003382452,0.050374052,1.32E-04,3.35E-04
NOM:,1,1,1,0.002483636,0.874949523,0.03359304,0.006424861,0.08194573,2.64E-05,5.77E-04
NOM:,1,1,1,0.052981669,0.936071548,0.008273825,0.002135831,3.33E-04,7.48E-05,1.29E-04
NOM:,1,4,1,5.11E-04,0.443573673,0.001049426,3.78E-04,0.55423934,1.42E-05,2.35E-04
NOM:,1,2,1,8.59E-04,0.155432063,0.838494181,0.004826454,3.75E-04,1.43E-06,1.24E-05
NOM:,1,0,1,0.852651232,0.117985895,5.02E-04,0.003199975,0.025272203,3.86E-04,2.71E-06
NOM:,1,1,1,0.002060188,0.764663948,0.169308361,0.063368647,1.70E-04,1.34E-05,4.15E-04
NOM:,0,1,1,0.247411374,0.385354808,1.01E-05,4.64E-05,0.296702013,0.007054563,0.063420762
NOM:,0,0,1,0.847674125,0.145200137,0.006911763,1.09E-04,9.68E-05,6.84E-06,9.63E-07
NOM:,0,0,1,0.809296925,0.106818958,0.004732963,6.29E-04,0.077726863,6.93E-04,1.03E-04
NOM:,0,1,1,0.352575848,0.405494251,0.21515784,0.026562267,8.14E-05,1.14E-04,1.40E-05
NOM:,0,0,1,0.939201641,0.055848224,7.48E-04,4.41E-04,0.003578098,1.69E-04,1.34E-05
NOM:,0,0,1,0.872303922,0.002779873,7.37E-04,1.54E-04,0.123781397,2.40E-04,3.54E-06
NOM:,0,0,1,0.716341347,0.262111292,0.001439239,3.37E-04,0.019540441,4.60E-05,1.84E-04
NOM:,5,5,1,1.94E-06,3.03E-07,2.74E-07,1.15E-06,5.41E-07,0.999995519,2.72E-07
NOM:,5,5,1,3.81E-07,1.98E-07,1.80E-07,1.88E-07,2.76E-07,0.999998593,1.84E-07
NOM:,5,5,1,2.67E-06,5.45E-07,5.08E-07,6.08E-07,9.46E-07,0.999993315,1.41E-06
NOM:,5,5,1,0.010891185,0.098472647,0.007014324,1.60E-04,0.150225746,0.731973473,0.001262588
NOM:,5,0,1,0.549857169,0.014136304,3.48E-04,0.006618283,0.346557844,0.082357903,1.24E-04
NOM:,6,4,1,0.079657049,0.254483005,0.00120311,1.07E-04,0.592630047,0.01793951,0.053980723
NOM:,6,6,1,5.03E-05,3.16E-05,1.10E-05,1.87E-05,3.07E-05,1.57E-05,0.999841951
NOM:,6,6,1,2.00E-06,5.36E-06,9.12E-08,2.31E-06,1.81E-07,2.42E-07,0.999989816
NOM:,6,6,1,3.22E-05,0.004191037,3.36E-04,1.34E-04,0.005421373,3.65E-04,0.989521185
NOM:,6,6,1,8.56E-06,9.72E-06,2.06E-07,1.10E-05,3.77E-07,1.23E-06,0.99996891
NOM:,6,6,1,5.56E-04,6.54E-04,5.72E-05,0.00186225,7.96E-05,1.30E-04,0.996660115
NOM:,6,6,1,8.78E-07,2.26E-05,5.36E-07,2.42E-06,7.74E-07,3.58E-07,0.999972414
NOM:,3,2,1,0.005511228,0.139568686,0.759664363,0.094791714,3.48E-04,5.65E-05,5.97E-05
NOM:,3,3,1,0.00160534,0.231086063,0.156383264,0.610845238,1.47E-05,1.87E-05,4.67E-05
NOM:,3,1,1,8.39E-04,0.546005208,0.002199465,0.001838245,0.448951226,6.32E-05,1.04E-04
NOM:,3,3,1,0.003162043,0.044938169,0.19804258,0.748446227,0.001985457,8.35E-05,0.003342018
NOM:,4,0,1,0.814494049,0.006411437,4.58E-04,7.32E-05,0.178349385,2.12E-04,1.13E-06
NOM:,4,4,1,0.0370175,0.068474889,0.001084445,1.87E-04,0.855708076,0.025322634,0.012205572
NOM:,4,1,1,0.018621721,0.564044546,0.104460493,0.128574954,0.106934657,6.23E-04,0.076740376
NOM:,4,4,1,7.24E-04,0.038115783,0.003556381,5.29E-04,0.94313163,2.65E-04,0.013677798
NOM:,4,4,1,0.002144608,0.106944211,0.167973949,0.02055885,0.702297174,7.60E-05,5.23E-06
NOM:,4,4,1,0.017692759,0.019072833,0.079379303,0.00402965,0.879787936,1.90E-05,1.85E-05
NOM:,2,2,1,4.81E-05,0.153252296,0.840740972,0.005841329,4.73E-05,3.01E-07,6.97E-05
NOM:,2,2,1,9.17E-05,0.17020933,0.727648556,0.071644107,0.023352932,1.77E-04,0.006876569
NOM:,2,2,1,1.65E-04,0.106330226,0.879196771,0.01430225,3.72E-06,7.63E-07,1.19E-06
NOM:,2,1,1,0.069577061,0.690953059,0.193451405,0.045687961,2.92E-04,2.84E-05,1.04E-05
NOM:,2,3,1,0.016665009,0.128948235,0.23260184,0.419618649,0.19875212,0.00287918,5.35E-04
NOM:,2,2,1,0.007534839,0.125967047,0.48105346,0.240517012,0.100496441,0.002770307,0.041660894
NOM:,2,2,1,1.10E-05,0.186640058,0.785895106,0.027451079,2.22E-06,1.27E-07,3.80E-07
NOM:,2,2,1,5.96E-05,0.23933357,0.53711633,0.223257896,9.52E-05,9.01E-06,1.28E-04
NOM:,1,1,1,1.88E-04,0.935359433,0.012274942,0.051009889,4.93E-04,2.21E-04,4.53E-04
NOM:,1,1,1,0.004178153,0.987036637,0.007972727,7.51E-04,5.90E-05,1.87E-06,5.51E-07
NOM:,1,3,1,5.32E-04,0.364232572,0.244659979,0.390501719,3.76E-05,4.72E-07,3.60E-05
NOM:,1,1,1,2.40E-04,0.731061232,0.157273631,0.110796172,6.00E-04,2.63E-06,2.62E-05
NOM:,1,4,1,0.015175748,0.473164163,0.003375681,6.92E-04,0.499959044,4.09E-05,0.007592717
NOM:,1,1,1,0.002424055,0.659395883,0.329974511,0.006718503,5.00E-04,4.00E-05,9.48E-04
NOM:,1,1,1,3.45E-05,0.991337672,8.19E-04,0.00372166,0.00383188,5.76E-05,1.98E-04
NOM:,1,1,1,6.54E-06,0.999968063,7.64E-06,3.28E-06,5.30E-06,4.02E-06,5.17E-06
NOM:,1,1,1,0.036987412,0.788751881,0.057522005,0.061616917,0.002505704,0.003757511,0.04885857
NOM:,1,1,1,0.09624103,0.514762261,0.382351701,0.006579434,4.16E-05,2.39E-06,2.16E-05
NOM:,1,1,1,0.181270413,0.568079173,0.21233521,0.037564346,3.98E-04,2.40E-04,1.13E-04
NOM:,1,1,1,0.03483409,0.895084738,0.023583476,0.004344643,0.042139472,1.25E-05,1.12E-06
NOM:,1,4,1,0.056816271,0.210406188,0.00235777,0.007103818,0.718444931,0.004511008,3.60E-04
NOM:,1,1,1,3.46E-04,0.9987938,2.88E-04,2.25E-04,2.59E-04,7.16E-05,1.61E-05
NOM:,1,1,1,0.004259549,0.646464147,0.268830804,0.080195088,9.94E-05,2.45E-05,1.26E-04
NOM:,1,1,1,9.60E-06,0.999957689,2.48E-06,2.76E-06,1.95E-05,3.78E-06,4.22E-06
NOM:,1,2,1,3.83E-06,0.095511692,0.903353575,0.001107548,2.18E-05,4.72E-07,1.10E-06
NOM:,1,1,1,4.95E-04,0.561695282,0.001184276,0.0105606,0.238493202,5.97E-04,0.186974659
NOM:,1,1,1,4.88E-06,0.999447114,1.95E-05,5.92E-05,4.24E-04,2.71E-05,1.82E-05
NOM:,1,1,1,0.076672229,0.827348975,0.039003931,0.056336683,5.69E-04,1.05E-05,5.84E-05
NOM:,1,2,1,1.46E-05,0.434343095,0.557760985,0.007851274,2.75E-05,7.23E-07,1.81E-06
NOM:,1,1,1,0.002215787,0.360662175,0.295011417,0.127566601,4.74E-04,8.42E-05,0.213985606
NOM:,1,1,1,3.75E-04,0.887787474,0.019920763,0.085380721,0.004521377,1.96E-05,0.001995292
NOM:,1,1,1,0.010311846,0.923221334,0.001037907,1.49E-04,0.062941743,0.001285055,0.001053564
NOM:,1,0,1,0.714955686,0.278790064,0.0012916,8.20E-04,0.004128724,1.21E-05,1.45E-06
NOM:,0,4,1,0.187361057,0.123240696,5.33E-05,1.12E-04,0.533178027,0.013898053,0.14215636
NOM:,0,0,1,0.918286855,0.068592761,0.003130951,4.43E-04,0.009249998,2.94E-04,2.52E-06
NOM:,0,4,1,0.070234226,0.068172388,0.002776869,4.44E-05,0.848760608,0.0029334,0.007078068
NOM:,0,1,1,0.23192269,0.747342346,0.016186314,0.004494922,3.09E-05,1.74E-05,5.39E-06
NOM:,0,1,1,0.075587936,0.883235778,0.001869936,0.034456448,0.004669962,1.52E-04,2.75E-05
NOM:,0,4,1,0.034278911,0.006767328,6.89E-04,7.77E-05,0.953609344,0.00383269,7.45E-04
NOM:,0,6,1,0.306357732,0.008551523,0.001229309,0.022021165,0.001283967,0.007959959,0.652596345
NOM:,5,5,1,1.86E-05,9.51E-06,9.07E-06,1.97E-05,1.74E-05,0.999914394,1.13E-05
NOM:,5,5,1,1.32E-04,1.06E-05,6.44E-06,2.44E-05,2.69E-04,0.999550222,8.19E-06
NOM:,5,6,1,0.059460747,0.288315964,0.016737678,0.016627599,0.214641465,0.038942041,0.365274507
NOM:,5,5,1,6.63E-06,6.83E-06,6.99E-06,1.36E-05,5.74E-06,0.999953903,6.26E-06
NOM:,5,5,1,3.52E-06,9.19E-07,7.50E-07,6.59E-06,3.65E-05,0.999948026,3.65E-06
NOM:,5,5,1,1.50E-06,5.94E-07,6.02E-07,8.99E-07,1.15E-06,0.999994652,6.03E-07
NOM:,6,6,1,5.42E-05,8.08E-05,3.59E-06,5.32E-06,4.52E-06,4.53E-06,0.999847058
NOM:,6,6,1,2.07E-04,7.38E-05,8.82E-06,8.76E-06,3.31E-05,4.05E-06,0.999664003
NOM:,6,6,1,0.022841513,0.018779784,0.001970564,0.004637151,6.68E-04,6.99E-04,0.950404051
NOM:,6,6,1,0.209278227,0.054572559,0.023327933,0.084581833,0.00289345,0.013209471,0.612136526
NOM:,6,6,1,1.63E-05,6.72E-04,7.43E-04,0.002503025,1.20E-05,5.84E-05,0.995995039
NOM:,6,4,1,0.003859788,0.313852361,0.001521029,8.55E-04,0.621906415,0.006857994,0.051147374
NOM:,3,3,1,0.024027699,0.089950033,0.014709435,0.740547621,0.130542367,1.91E-04,3.20E-05
NOM:,3,3,1,2.59E-05,0.017862377,0.036176639,0.945831361,8.71E-06,3.01E-06,9.20E-05
NOM:,3,3,1,0.001114702,0.053988044,0.027929092,0.880191977,0.006651697,2.34E-05,0.030101105
NOM:,3,2,1,8.01E-04,0.05643438,0.58392952,0.35830252,4.54E-04,6.10E-06,7.28E-05
NOM:,3,3,1,0.118042317,0.194821263,0.24617675,0.430411475,0.004929826,8.29E-04,0.004789057
NOM:,4,4,1,4.02E-04,0.086747861,1.69E-04,5.32E-04,0.910740738,1.49E-04,0.001258305
NOM:,4,1,1,5.51E-04,0.452545296,0.233913971,0.150880913,0.161976343,9.41E-05,3.89E-05
NOM:,4,4,1,0.052143081,0.268264137,0.0691443,0.075279466,0.53442562,6.16E-04,1.28E-04
NOM:,4,0,1,0.502238766,0.023628203,2.17E-04,7.50E-04,0.413875348,0.027220436,0.032070701
NOM:,4,4,1,0.003196309,0.053934094,3.21E-05,9.85E-04,0.938172007,0.003591117,8.89E-05
NOM:,4,1,1,0.164738282,0.444340742,4.39E-04,0.007901756,0.379135271,0.001884648,0.001559981
NOM:,2,2,1,2.86E-05,0.180083974,0.816914674,0.002955576,1.55E-05,5.26E-07,1.17E-06
NOM:,2,2,1,5.95E-04,0.201775992,0.776881023,0.019902658,8.11E-04,2.73E-06,3.13E-05
NOM:,2,2,1,2.57E-06,0.057610244,0.940792756,0.001587086,6.96E-06,1.26E-08,3.74E-07
NOM:,2,2,1,0.008304929,0.272379047,0.667782202,0.032067023,0.01942614,1.96E-05,2.10E-05
NOM:,2,2,1,3.33E-05,0.003621738,0.895813886,0.100487708,2.98E-05,2.57E-06,1.10E-05
NOM:,2,2,1,7.40E-05,0.153920761,0.836949472,0.003780447,0.004276579,4.68E-04,5.30E-04
NOM:,2,2,1,0.012429624,0.299655221,0.366577768,0.320874005,3.88E-04,4.49E-05,3.07E-05
NOM:,2,2,1,0.010530456,0.255516972,0.352925014,0.30180637,0.077672445,0.00124132,3.07E-04
NOM:,1,1,1,2.07E-06,0.999891986,3.85E-05,2.63E-05,2.29E-05,3.52E-06,1.47E-05
NOM:,1,1,1,0.120792599,0.792723775,0.004568604,0.056386261,0.016679528,0.004550922,0.004298311
NOM:,1,1,1,1.75E-06,0.999986476,4.04E-07,9.21E-07,6.25E-06,3.45E-06,7.56E-07
NOM:,1,1,1,0.00202018,0.782606555,0.130756073,0.034645974,0.049929471,8.13E-06,3.36E-05
NOM:,1,1,1,7.57E-07,0.999992333,4.18E-07,1.06E-06,3.75E-06,4.85E-07,1.19E-06
NOM:,1,2,1,5.16E-04,0.436890389,0.537389944,0.02183257,9.35E-04,2.37E-04,0.002198856
NOM:,1,1,1,0.29743605,0.690038572,0.011986472,3.24E-04,1.73E-04,3.57E-05,6.21E-06
NOM:,1,6,1,0.019008612,0.120577384,0.017617084,0.027036848,0.001418667,2.66E-04,0.814075835
NOM:,1,1,1,2.05E-04,0.998292725,2.91E-05,7.33E-04,6.59E-04,1.14E-05,6.90E-05
NOM:,1,1,1,7.24E-04,0.994723033,0.003186034,9.10E-05,0.001209622,1.65E-05,4.98E-05
NOM:,1,1,1,3.67E-06,0.999965858,3.06E-06,1.09E-05,5.50E-06,5.12E-06,5.94E-06
NOM:,1,1,1,1.10E-04,0.541408886,0.457006614,0.001468841,4.50E-06,1.77E-07,1.36E-06
NOM:,1,1,1,2.99E-07,0.999997512,3.07E-07,7.54E-07,3.92E-07,3.20E-07,4.17E-07
NOM:,1,1,1,0.008342805,0.829709638,0.0726078,0.020834319,0.06850047,1.82E-06,3.15E-06
NOM:,1,1,1,0.001543996,0.996663739,0.001131879,8.23E-05,5.20E-04,1.57E-05,4.21E-05
NOM:,1,1,1,0.015621259,0.960413116,0.006060379,0.009800763,0.007733431,3.51E-04,2.04E-05
NOM:,1,0,1,0.604797361,0.320261386,0.007571021,0.00299821,0.064273306,9.34E-05,5.27E-06
NOM:,1,1,1,0.179514955,0.71127362,0.107630714,9.74E-04,5.25E-04,3.31E-05,4.84E-05
NOM:,1,1,1,0.124213767,0.735170513,0.002924152,0.014095599,0.014987038,0.005343919,0.103265012
NOM:,1,1,1,0.016132739,0.519293443,0.395584412,0.058244026,0.010696364,2.86E-06,4.62E-05
NOM:,1,1,1,0.009277823,0.942557881,3.36E-04,0.001438454,0.037508438,0.008517564,3.64E-04
NOM:,1,2,1,0.02443346,0.307615596,0.423479954,0.244083811,3.98E-05,2.41E-04,1.07E-04
NOM:,1,1,1,0.017619135,0.969211553,0.005291666,0.002339382,0.005498369,3.93E-05,5.78E-07
NOM:,1,1,1,0.035254969,0.826910001,0.123713888,0.00266895,0.011441465,9.59E-06,1.14E-06
NOM:,1,2,1,2.92E-04,0.493299077,0.505088027,0.001315158,4.09E-06,2.05E-07,1.79E-06
NOM:,0,0,1,0.887446546,0.109673349,7.43E-04,9.22E-05,0.002036306,8.06E-06,4.83E-07
NOM:,0,0,1,0.490903572,0.411787633,1.75E-04,0.001146477,0.087939219,0.003538382,0.004509645
NOM:,0,4,1,0.039117221,0.292867662,2.53E-04,5.63E-04,0.662212831,0.003599023,0.001387253
NOM:,0,0,1,0.600356073,0.017997776,4.76E-04,0.036423221,0.300420804,0.032805184,0.011520813
NOM:,0,0,1,0.885642397,0.103042514,0.009481693,4.57E-04,1.88E-04,0.001021587,1.67E-04
NOM:,0,0,1,0.861242354,0.128685252,0.002535008,8.75E-04,0.006073466,5.61E-04,2.86E-05
NOM:,0,1,1,0.359677484,0.409510692,0.100367098,0.127152356,7.16E-04,0.002400152,1.76E-04
NOM:,5,0,1,0.519869047,0.212758596,9.19E-04,7.10E-04,0.128573722,0.132158656,0.005011478
NOM:,5,5,1,9.01E-06,6.64E-06,1.10E-05,1.60E-05,1.18E-05,0.999939005,6.43E-06
NOM:,5,5,1,3.10E-07,1.40E-07,2.68E-07,1.11E-06,1.74E-06,0.999996287,1.42E-07
NOM:,5,5,1,4.19E-05,2.88E-05,3.05E-05,8.49E-05,3.80E-05,0.999752645,2.33E-05
NOM:,5,5,1,2.08E-07,1.47E-07,1.29E-07,3.34E-07,2.10E-07,0.999998828,1.43E-07
NOM:,5,5,1,1.03E-04,6.53E-06,1.38E-05,1.57E-04,1.51E-05,0.999692405,1.16E-05
NOM:,6,6,1,2.58E-05,7.85E-06,1.76E-06,1.02E-05,5.87E-07,2.57E-07,0.99995351
NOM:,6,6,1,9.68E-05,5.35E-06,3.01E-06,3.87E-06,2.94E-06,7.86E-07,0.9998872
NOM:,6,6,1,0.004335866,3.23E-04,1.76E-04,6.75E-04,1.34E-04,0.001233217,0.993123089
NOM:,6,6,1,1.34E-05,5.01E-05,3.71E-06,1.23E-04,1.66E-06,1.15E-06,0.999807496
NOM:,6,1,1,0.001501178,0.45860385,5.06E-04,0.00472545,0.27430431,0.001694892,0.258664307
NOM:,6,2,1,0.008397548,0.308377498,0.503959162,0.011347704,0.057575699,8.57E-04,0.109485842
NOM:,3,3,1,8.65E-06,0.004432972,0.071597462,0.923793622,3.64E-05,3.84E-06,1.27E-04
NOM:,3,3,1,0.009916372,0.068846636,0.180068519,0.453123731,0.287646499,2.46E-05,3.74E-04
NOM:,3,1,1,0.213430903,0.491767003,0.267385126,0.02422464,2.10E-04,0.002444017,5.38E-04
NOM:,3,2,1,3.70E-05,0.013219441,0.499794674,0.486819928,6.24E-05,6.96E-06,5.96E-05
NOM:,3,2,1,2.10E-05,0.414941379,0.544539949,0.039830951,6.37E-04,1.46E-05,1.48E-05
NOM:,4,4,1,3.82E-04,0.035782361,5.06E-06,8.58E-05,0.963693747,4.06E-05,1.01E-05
NOM:,4,1,1,0.00383931,0.381408727,0.057497448,0.273332227,0.283678913,8.21E-05,1.61E-04
NOM:,4,4,1,2.50E-04,0.05167236,8.43E-05,3.98E-04,0.947590523,1.58E-06,3.31E-06
NOM:,4,4,1,0.31399285,0.220167636,9.28E-04,0.004411355,0.436184105,0.020072026,0.004243734
NOM:,4,4,1,0.477486301,0.001677597,5.19E-04,9.27E-04,0.517727711,0.001651162,1.08E-05
NOM:,4,0,1,0.455549002,0.311880578,0.001648597,3.18E-04,0.229905806,2.66E-04,4.32E-04
NOM:,2,2,1,9.69E-05,0.285143574,0.633669215,0.080979288,1.34E-05,2.56E-06,9.50E-05
NOM:,2,2,1,0.007765683,0.255875637,0.61755958,0.118625581,1.51E-04,1.11E-05,1.11E-05
NOM:,2,2,1,8.78E-05,0.067284179,0.930460913,0.002011247,8.42E-05,1.15E-06,7.05E-05
NOM:,2,2,1,1.79E-06,0.034374837,0.950384939,0.015236746,1.45E-06,1.06E-07,1.32E-07
NOM:,2,1,1,0.001577482,0.706080735,0.255234225,0.036817717,2.25E-04,2.78E-06,6.19E-05
NOM:,2,2,1,2.32E-06,0.080736544,0.918685624,5.72E-04,7.98E-07,6.29E-07,2.49E-06
NOM:,2,2,1,0.004683296,0.067949784,0.901701954,0.02504958,5.56E-04,9.39E-06,5.01E-05
NOM:,2,2,1,0.010633121,0.247780528,0.736615584,0.004960131,9.31E-06,3.45E-07,9.81E-07
NOM:,1,1,1,0.425819202,0.553146569,0.017917569,0.002958469,1.51E-04,1.57E-06,5.46E-06
NOM:,1,1,1,0.074336484,0.641180984,0.132480391,0.111223721,0.001299632,0.002110798,0.03736799
NOM:,1,1,1,0.228959903,0.754073554,0.014347841,0.001661084,9.00E-04,5.29E-05,4.94E-06
NOM:,1,1,1,0.002309433,0.930324634,0.008980124,3.77E-04,0.057691177,1.46E-05,3.03E-04
NOM:,1,1,1,0.001977061,0.988426787,0.002950357,0.005744695,8.32E-04,2.37E-05,4.54E-05
NOM:,1,1,1,0.254918553,0.5208171,5.97E-05,7.16E-05,0.193259429,0.010601176,0.020272423
NOM:,1,1,1,6.41E-05,0.986217058,0.003628082,0.003592097,0.006342545,6.90E-05,8.72E-05
NOM:,1,6,1,0.001755551,0.133051497,2.13E-04,0.001779381,0.018408955,0.001647817,0.843144211
NOM:,1,2,1,2.70E-04,0.07971724,0.912708734,0.007163808,5.27E-05,3.21E-06,8.44E-05
NOM:,1,1,1,0.002583431,0.521304514,3.11E-04,0.005124597,0.369104243,7.93E-04,0.100779424
NOM:,1,1,1,2.50E-06,0.999990397,9.72E-07,8.37E-07,1.24E-06,1.04E-06,3.02E-06
NOM:,1,1,1,1.11E-04,0.578969807,0.269898219,0.14693153,0.002920763,6.91E-06,0.001162115
NOM:,1,1,1,4.51E-05,0.999753329,3.25E-05,3.00E-05,5.97E-05,4.54E-05,3.39E-05
NOM:,1,1,1,0.004007956,0.602765101,0.004661008,0.001990594,0.361977775,6.73E-05,0.024530312
NOM:,1,1,1,0.003580413,0.868719741,0.024580246,0.089730461,0.006121032,4.21E-05,0.007225982
NOM:,1,1,1,3.53E-06,0.99992093,2.05E-05,5.48E-06,3.55E-05,2.91E-06,1.11E-05
NOM:,1,2,1,4.25E-04,0.286880267,0.669471716,0.043155809,1.14E-05,8.09E-06,4.78E-05
NOM:,1,4,1,0.068274006,0.415326038,6.35E-04,0.005022161,0.424097445,0.061435345,0.02520965
NOM:,1,2,1,5.83E-05,0.062555048,0.926207366,0.011171754,6.91E-06,7.10E-08,5.68E-07
NOM:,1,1,1,0.219542543,0.731850166,0.040910471,0.004880599,0.002788433,1.09E-05,1.69E-05
NOM:,1,1,1,6.89E-07,0.999983388,8.19E-07,1.31E-06,1.04E-05,2.92E-06,4.52E-07
NOM:,1,1,1,0.002786473,0.867020242,2.35E-04,0.001567395,0.124258134,9.02E-04,0.003230646
NOM:,1,1,1,0.154036406,0.740914833,0.100564272,0.004205911,2.59E-04,1.36E-05,5.66E-06
NOM:,1,1,1,0.007043176,0.74509383,0.1903765,0.057414408,5.70E-05,1.41E-07,1.49E-05
NOM:,1,1,1,6.33E-07,0.999995942,6.81E-07,7.21E-07,7.57E-07,6.27E-07,6.40E-07
NOM:,0,4,1,0.181288134,0.221598934,3.96E-04,0.005883778,0.589955197,3.36E-04,5.43E-04
NOM:,0,0,1,0.800468462,0.194183584,0.001490833,2.90E-04,0.003557358,8.31E-06,1.76E-06
NOM:,0,0,1,0.807642446,0.119448277,0.060648842,0.003029784,0.00858076,5.75E-04,7.54E-05
NOM:,0,0,1,0.599272274,0.385319707,0.012808958,3.74E-04,0.001906725,9.69E-06,3.08E-04
NOM:,0,0,1,0.578309267,0.393443322,0.00844783,0.015576883,0.001068305,0.003124044,3.03E-05
NOM:,0,0,1,0.857370631,0.038141306,0.002923424,0.00544974,0.094654499,0.001348598,1.12E-04
NOM:,0,0,1,0.896394292,0.099048104,0.003114931,2.78E-04,0.001117131,4.39E-05,3.96E-06
NOM:,5,5,1,7.01E-05,1.53E-06,4.40E-06,2.07E-05,1.10E-04,0.999788775,4.26E-06
NOM:,5,5,1,0.297442766,4.61E-04,0.00346393,0.027410885,0.005440065,0.664452421,0.001328673
NOM:,5,5,1,3.17E-05,4.34E-06,7.95E-06,1.16E-04,4.55E-05,0.999788499,5.58E-06
NOM:,5,5,1,0.008371399,5.10E-04,1.39E-04,1.21E-04,8.07E-04,0.990022831,2.80E-05
NOM:,5,5,1,3.45E-06,4.56E-07,1.05E-06,1.09E-06,5.83E-06,0.99998635,1.77E-06
NOM:,5,5,1,2.97E-04,1.90E-05,1.19E-05,1.43E-04,6.89E-05,0.999445726,1.39E-05
NOM:,6,6,1,0.041257996,0.035235,2.69E-04,4.97E-04,9.93E-04,2.90E-04,0.921457388
NOM:,6,6,1,4.95E-05,6.49E-04,6.55E-05,6.82E-04,1.35E-05,9.42E-07,0.998539442
NOM:,6,6,1,2.34E-05,3.94E-04,1.40E-04,1.58E-04,2.03E-05,4.13E-06,0.999260031
NOM:,6,6,1,7.90E-04,1.09E-04,7.78E-06,4.65E-05,1.98E-06,7.58E-06,0.999037336
NOM:,6,6,1,0.001465259,0.055503704,0.005163296,0.007490532,5.65E-04,1.24E-05,0.929799821
NOM:,6,6,1,2.10E-05,0.001528641,1.95E-04,4.21E-04,8.64E-06,2.72E-06,0.997822449
NOM:,3,3,1,0.003232568,0.066076824,0.225625294,0.356252773,5.12E-04,6.69E-05,0.348233288
NOM:,3,3,1,5.13E-04,0.013800034,0.092671223,0.891719102,7.04E-04,4.15E-04,1.78E-04
NOM:,3,2,1,0.014589063,0.070719084,0.760366264,0.152016238,6.70E-04,4.12E-04,0.001228211
NOM:,3,1,1,0.001920286,0.537968088,0.003165386,0.158341078,0.103282172,2.76E-04,0.195046945
NOM:,3,1,1,0.001698616,0.447951568,0.296024782,0.254256299,3.07E-05,3.10E-07,3.77E-05
NOM:,4,4,1,0.002207391,0.292945118,0.007982609,0.007425344,0.636430466,7.27E-04,0.052282399
NOM:,4,4,1,0.005310199,0.022692809,0.040837176,0.00908528,0.921951446,1.16E-04,6.72E-06
NOM:,4,1,1,0.005394687,0.710266574,0.057807746,0.009215687,0.205933388,0.003169324,0.008212594
NOM:,4,4,1,0.002220682,0.084636906,0.012375815,0.004199287,0.518946786,0.001152741,0.376467783
NOM:,4,1,1,0.00254626,0.899038779,0.004141851,0.018655799,0.067925698,0.005058227,0.002633387
NOM:,4,4,1,2.62E-04,0.302600559,1.19E-04,0.003268377,0.693619461,3.83E-05,9.19E-05
NOM:,2,2,1,0.001306773,0.079562832,0.914944198,0.004153124,3.04E-05,2.24E-07,2.47E-06
NOM:,2,2,1,1.56E-06,0.021195118,0.974691354,0.004109856,1.68E-06,1.68E-07,2.64E-07
NOM:,2,2,1,0.007149036,0.304247079,0.649066761,0.039421073,1.08E-04,4.93E-06,3.30E-06
NOM:,2,2,1,1.13E-06,0.037545128,0.959525864,0.002925947,1.76E-06,9.54E-09,1.54E-07
NOM:,2,2,1,0.010245803,0.212140661,0.721555049,0.046913203,0.001465712,3.34E-05,0.00764618
NOM:,2,2,1,3.17E-06,0.026908291,0.966717747,0.00633023,3.88E-05,5.47E-08,1.67E-06
NOM:,2,2,1,0.002537471,0.186264519,0.585479136,0.223384055,0.0010066,4.68E-04,8.60E-04
NOM:,2,1,1,0.001555504,0.662073517,0.276876531,0.053964364,0.005442162,3.64E-05,5.16E-05
NOM:,1,2,1,1.08E-06,0.04415441,0.94932005,0.006522155,9.95E-07,4.27E-08,1.27E-06
NOM:,1,2,1,4.38E-05,0.069162497,0.925658856,0.005129893,3.75E-06,3.93E-08,1.15E-06
NOM:,1,0,1,0.775388046,0.193452024,0.001182556,1.78E-04,0.02978805,1.04E-05,8.24E-07
NOM:,1,1,1,0.006141169,0.911939118,0.062657714,0.008931256,0.010310381,1.44E-05,5.94E-06
NOM:,1,1,1,3.22E-04,0.988837176,0.002594206,0.007946845,1.14E-04,4.40E-05,1.41E-04
NOM:,1,1,1,0.297601983,0.538020972,0.1596745,0.003301787,5.68E-04,3.41E-05,7.98E-04
NOM:,1,1,1,0.197306525,0.657765618,6.36E-05,5.82E-04,0.142634662,6.87E-04,9.61E-04
NOM:,1,1,1,2.09E-04,0.985903048,0.003790632,0.008723618,1.71E-04,7.72E-05,0.001125453
NOM:,1,2,1,0.009676094,0.225468478,0.761134089,0.003671816,4.01E-05,3.67E-06,5.78E-06
NOM:,1,1,1,0.478727763,0.514875637,0.001805892,0.00162403,0.002829813,1.30E-04,6.45E-06
NOM:,1,2,1,1.20E-04,0.287739649,0.678816505,0.033262079,4.96E-05,1.73E-06,1.07E-05
NOM:,1,1,1,0.009530381,0.896344467,0.002810684,0.003501743,0.081118045,0.001514337,0.005180342
NOM:,1,1,1,2.78E-04,0.84184511,0.047610458,0.101944169,3.89E-04,7.95E-05,0.007853743
NOM:,1,2,1,1.57E-04,0.078478433,0.915409721,0.002575754,1.58E-04,1.03E-06,0.003219959
NOM:,1,1,1,0.035230213,0.939929887,0.008863564,0.009819814,0.005320141,8.27E-04,9.49E-06
NOM:,1,1,1,0.039669788,0.946486722,0.003949906,0.00124367,0.008322085,2.93E-05,2.99E-04
NOM:,1,1,1,2.79E-04,0.953266117,0.030051665,0.016035313,3.46E-04,1.05E-05,1.15E-05
NOM:,1,1,1,0.014793805,0.938628731,3.74E-05,0.004434347,0.040231011,1.62E-04,0.001712691
NOM:,1,2,1,2.21E-05,0.083150936,0.832148617,0.084498858,1.41E-05,1.55E-06,1.64E-04
NOM:,1,1,1,6.89E-04,0.980556835,0.005233883,2.31E-04,0.011427216,2.91E-05,0.001832788
NOM:,1,1,1,0.012965002,0.793660627,0.106107147,0.042252687,0.044979339,3.20E-05,3.24E-06
NOM:,1,2,1,1.86E-04,0.166490732,0.830325375,0.002868831,1.28E-04,5.64E-07,6.67E-07
NOM:,1,2,1,3.54E-05,0.168895497,0.830467181,5.98E-04,1.74E-06,5.63E-07,1.17E-06
NOM:,1,1,1,0.071128188,0.857450316,1.24E-04,5.38E-04,0.063450976,7.59E-04,0.006549876
NOM:,1,1,1,0.024915903,0.681672569,0.269969896,0.020440373,0.001772815,2.83E-05,0.001200144
NOM:,0,1,1,0.060072035,0.697703338,0.015534434,0.065256408,0.052395804,5.55E-04,0.108482805
NOM:,0,0,1,0.817937613,0.0297955,0.004159939,0.002207152,0.144721089,0.001071279,1.07E-04
NOM:,0,0,1,0.724811276,0.030834587,0.061440327,0.082870661,0.088362839,0.007771775,0.003908536
NOM:,0,1,1,0.24239054,0.489122435,0.260837483,0.006837911,7.74E-04,2.42E-05,1.35E-05
NOM:,0,0,1,0.946031296,0.050162401,0.002817568,1.35E-04,7.71E-04,8.20E-05,5.74E-07
NOM:,0,1,1,0.474107005,0.520937117,0.004127005,4.89E-04,3.30E-04,8.40E-06,1.45E-06
NOM:,0,0,1,0.941508158,0.027406851,0.007968354,1.46E-04,0.022600173,3.69E-04,1.64E-06
NOM:,5,5,1,0.018603221,0.022813943,0.002081419,8.48E-04,0.334608602,0.614595799,0.006448549
NOM:,5,4,1,0.039408246,0.08137052,0.005464638,0.001727935,0.66580938,0.016453305,0.189765976
NOM:,5,5,1,0.001722447,9.94E-05,1.36E-04,3.21E-04,1.97E-04,0.997232744,2.91E-04
NOM:,5,5,1,2.49E-06,2.89E-07,1.08E-06,1.19E-06,3.82E-06,0.999990797,3.39E-07
NOM:,5,5,1,2.04E-05,1.17E-05,1.12E-05,1.66E-05,1.31E-05,0.999917499,9.48E-06
NOM:,6,6,1,1.04E-04,1.86E-04,1.50E-05,4.51E-05,1.96E-05,2.57E-06,0.99962815
NOM:,6,1,1,0.062531831,0.488734229,0.077087563,0.1107967,0.01317761,0.012777637,0.234894428
NOM:,6,6,1,3.92E-04,0.003935783,3.16E-04,0.008102306,9.45E-04,3.71E-05,0.98627136
NOM:,6,6,1,0.003320175,0.048927482,0.021439508,8.08E-04,0.326043964,4.05E-04,0.59905606
NOM:,6,4,1,0.05630262,0.247212385,0.00633743,0.010393537,0.665116985,0.004859673,0.009777369
NOM:,6,6,1,5.57E-04,0.166992461,8.95E-04,0.007278732,0.00283796,1.32E-05,0.821425382
NOM:,6,6,1,5.07E-05,1.01E-04,1.22E-05,3.17E-05,1.43E-05,1.40E-05,0.999776158
NOM:,3,3,1,6.13E-05,0.006780949,0.012526489,0.974902852,7.60E-05,2.99E-05,0.005622513
NOM:,3,3,1,3.27E-04,0.01890541,0.05615098,0.922907345,0.001361728,1.18E-04,2.29E-04
NOM:,3,1,1,0.003123838,0.59174793,0.060100424,0.171957448,0.172516433,1.23E-04,4.31E-04
NOM:,3,2,1,1.77E-04,0.102615356,0.663614713,0.233527743,5.43E-05,7.66E-07,1.05E-05
NOM:,4,4,1,0.448017277,0.011475836,0.00205618,5.49E-04,0.537779184,1.20E-04,2.39E-06
NOM:,4,1,1,0.005604429,0.829581922,1.40E-04,0.002131763,0.143010593,7.92E-04,0.018739833
NOM:,4,4,1,0.001878487,0.220328796,7.16E-04,0.015340267,0.761624511,1.93E-05,9.23E-05
NOM:,4,4,1,0.009659338,0.159246153,0.02415266,0.063100831,0.743386866,3.75E-04,7.90E-05
NOM:,4,4,1,0.001444223,0.059218547,0.01728787,0.001836168,0.772689874,0.001137778,0.14638554
NOM:,4,1,1,0.003470486,0.707462035,0.075526603,0.067810237,0.145693192,2.74E-05,1.00E-05
NOM:,2,2,1,8.36E-05,0.070947308,0.832817587,0.095218512,1.85E-04,8.69E-06,7.39E-04
NOM:,2,2,1,2.08E-04,0.096355973,0.876556684,0.026661492,1.68E-04,1.84E-07,4.97E-05
NOM:,2,1,1,0.007550303,0.491725402,0.016180793,0.070240829,0.414282901,1.36E-05,6.18E-06
NOM:,2,2,1,1.55E-06,0.060752674,0.939070408,1.75E-04,3.32E-07,3.82E-08,5.71E-08
NOM:,2,2,1,0.003070399,0.328221664,0.658569108,0.010111028,1.35E-05,2.54E-06,1.18E-05
NOM:,2,1,1,7.62E-04,0.519556258,0.470227682,0.009439129,1.16E-05,1.26E-07,3.41E-06
NOM:,2,2,1,3.24E-05,0.090036968,0.722124102,0.18757966,5.53E-05,4.10E-05,1.30E-04
NOM:,2,1,1,0.001588135,0.979804526,0.00809627,0.001046528,0.009443951,9.57E-07,1.96E-05
NOM:,1,1,1,6.35E-04,0.650307541,0.066477962,0.007156798,0.275093251,7.15E-05,2.58E-04
NOM:,1,1,1,0.02900021,0.956894325,0.003620342,0.006473571,0.002586772,7.01E-04,7.24E-04
NOM:,1,1,1,8.13E-04,0.899136048,0.075033658,0.023180428,0.001787985,3.84E-05,1.02E-05
NOM:,1,1,1,0.014268814,0.971627863,7.54E-04,0.002722876,0.005410263,0.004852091,3.64E-04
NOM:,1,4,1,8.35E-04,0.282290673,9.26E-04,0.160533705,0.55534782,3.20E-05,3.40E-05
NOM:,1,1,1,4.08E-06,0.999554774,2.29E-04,1.43E-04,3.91E-05,1.13E-05,1.87E-05
NOM:,1,1,1,1.40E-06,0.999991244,1.23E-06,1.30E-06,1.60E-06,1.87E-06,1.35E-06
NOM:,1,1,1,8.52E-04,0.978623558,0.002136065,0.003363242,0.014580466,4.05E-04,3.96E-05
NOM:,1,1,1,2.80E-05,0.965187695,0.02833066,0.005229145,0.001208244,1.08E-05,5.49E-06
NOM:,1,1,1,0.016409822,0.92975251,3.24E-04,0.002488739,0.007229011,0.003029289,0.040766846
NOM:,1,2,1,0.003264933,0.357706725,0.636907634,0.002110714,4.28E-06,1.29E-06,4.42E-06
NOM:,1,0,1,0.807313147,0.168933881,0.01391039,0.007983637,5.68E-04,7.90E-04,5.00E-04
NOM:,1,1,1,1.03E-04,0.998961749,8.63E-05,5.28E-04,2.37E-04,3.90E-05,4.56E-05
NOM:,1,1,1,0.002790748,0.877381815,0.014300673,0.054676704,0.002188082,6.47E-04,0.048014622
NOM:,1,1,1,2.66E-04,0.881124897,0.102286864,0.003364236,0.012485259,5.54E-06,4.68E-04
NOM:,1,6,1,0.034167106,0.11251819,0.054809978,0.344526901,0.002960911,2.56E-04,0.450761221
NOM:,1,1,1,0.086551007,0.898236656,0.005889988,0.003946096,0.005322848,5.08E-05,2.62E-06
NOM:,1,1,1,0.002253013,0.663087422,0.143347387,0.022045127,0.001410701,0.001127549,0.1667288
NOM:,1,1,1,3.93E-07,0.999997021,5.20E-07,6.07E-07,5.97E-07,4.29E-07,4.32E-07
NOM:,1,4,1,0.065842009,0.243571316,5.60E-05,1.13E-04,0.55736021,0.126323147,0.006734015
NOM:,1,1,1,1.03E-04,0.996739771,0.001752461,9.14E-04,4.85E-04,2.00E-06,2.98E-06
NOM:,1,4,1,0.001664471,0.107368214,0.02923564,0.001958725,0.773084144,0.001960008,0.084728798
NOM:,1,1,1,0.389872386,0.59462829,0.001805434,0.002435036,0.010357157,8.76E-04,2.60E-05
NOM:,1,1,1,0.039634833,0.575393449,0.381864425,0.003097119,5.68E-06,6.83E-07,3.82E-06
NOM:,1,4,1,0.19165899,0.244236255,0.00522605,0.001040838,0.546948727,0.006645073,0.004244066
NOM:,0,0,1,0.497555546,0.404633966,0.049996081,0.006101358,0.040784958,7.81E-04,1.47E-04
NOM:,0,0,1,0.452792573,0.010787862,0.003786624,0.028066775,0.096193116,0.02620648,0.38216657
NOM:,0,0,1,0.65389548,0.021089006,0.017341914,0.015409979,0.286682977,0.004437692,0.001142953
NOM:,0,0,1,0.520276645,0.469266241,0.002744349,0.001276332,0.006370891,5.83E-05,7.26E-06
NOM:,0,4,1,0.182683984,0.247605504,0.027808247,0.107429133,0.342333688,0.091930243,2.09E-04
NOM:,0,4,1,0.246483198,0.051693684,0.001957362,0.005953788,0.691781726,0.001378115,7.52E-04
NOM:,0,0,1,0.901507247,0.094552104,0.001067418,3.48E-04,0.002218726,3.03E-04,3.91E-06
NOM:,5,0,1,0.771063082,0.020744692,0.01713582,0.117865076,0.042487545,0.02573632,0.004967466
NOM:,5,5,1,2.57E-06,8.87E-07,8.98E-07,2.81E-06,6.12E-06,0.999985701,1.02E-06
NOM:,5,5,1,3.30E-04,2.72E-05,3.72E-06,1.46E-05,6.03E-05,0.999553857,9.94E-06
NOM:,5,5,1,0.301625689,0.146823677,0.011147575,0.006212949,0.111795692,0.408537731,0.013856688
NOM:,5,5,1,3.01E-06,1.27E-06,1.23E-06,2.53E-06,1.73E-05,0.999961748,1.29E-05
NOM:,6,6,1,3.99E-05,3.06E-04,2.58E-04,0.003305632,4.28E-06,2.32E-06,0.996083499
NOM:,6,6,1,4.08E-06,3.46E-06,1.62E-06,2.68E-05,3.79E-07,2.63E-08,0.999963594
NOM:,6,6,1,0.01696744,0.002942942,0.001242342,0.00111137,0.003317559,1.02E-04,0.97431674
NOM:,6,6,1,0.004928076,0.010929314,2.35E-04,1.83E-04,0.015739812,5.02E-04,0.967482936
NOM:,6,6,1,2.04E-05,1.94E-05,3.36E-06,1.67E-05,5.39E-06,7.40E-07,0.999933998
NOM:,6,6,1,8.50E-04,0.013480803,2.07E-04,7.88E-04,0.001463692,8.57E-04,0.982353921
NOM:,6,6,1,0.001161292,0.070080894,0.003942804,0.044248444,0.002995917,7.73E-04,0.876797822
NOM:,3,1,1,0.002629727,0.930971208,0.046790817,0.014554826,0.005009574,2.71E-05,1.67E-05
NOM:,3,3,1,0.241922827,0.077747607,0.013386148,0.33797697,0.201344838,0.127464969,1.57E-04
NOM:,3,2,1,4.42E-05,0.05070048,0.745918846,0.203259594,2.98E-05,2.23E-07,4.69E-05
NOM:,3,3,1,2.53E-04,0.027079617,0.05304792,0.857610999,0.061811585,1.44E-04,5.36E-05
NOM:,4,0,1,0.629424495,0.033927056,0.004087337,2.30E-04,0.332206087,1.24E-04,1.26E-06
NOM:,4,4,1,0.066577789,0.042933765,0.011155214,0.0066956,0.858875012,0.003578089,0.010184531
NOM:,4,4,1,0.008839095,0.143558895,0.086931681,0.004634616,0.755976345,4.94E-05,9.94E-06
NOM:,4,4,1,0.008205769,0.28668947,0.013277818,0.157806806,0.530238273,0.002788508,9.93E-04
NOM:,4,0,1,0.414837231,0.112168627,0.005897994,0.001937926,0.350623339,0.035761049,0.078773834
NOM:,4,4,1,0.038520319,0.049631039,0.072605164,0.056001381,0.782243614,7.91E-04,2.07E-04
NOM:,2,2,1,9.47E-04,0.205675385,0.762950497,0.030247074,1.68E-04,6.01E-07,1.16E-05
NOM:,2,2,1,2.67E-05,0.139027024,0.813295078,0.047647087,1.16E-06,1.51E-07,2.76E-06
NOM:,2,2,1,1.15E-06,0.086103784,0.912615066,0.001279025,7.48E-07,2.66E-08,1.97E-07
NOM:,2,3,1,2.39E-05,0.013334602,0.092532346,0.893591644,5.15E-04,9.93E-07,1.95E-06
NOM:,2,4,1,0.060209675,0.307772896,0.023540698,0.002914608,0.605023831,4.25E-04,1.13E-04
NOM:,2,2,1,4.89E-06,0.043410822,0.948418045,0.008130108,2.87E-05,8.30E-07,6.62E-06
NOM:,2,2,1,1.00E-06,0.050967433,0.898432584,0.050590227,7.40E-06,2.80E-08,1.32E-06
NOM:,2,2,1,1.10E-05,0.052694673,0.885350165,0.061916287,2.39E-05,1.64E-07,3.84E-06
NOM:,1,1,1,2.95E-04,0.996583321,1.40E-04,4.26E-04,0.001309191,2.12E-04,0.001033505
NOM:,1,1,1,3.00E-07,0.999996186,7.28E-07,1.40E-06,5.57E-07,3.65E-07,4.63E-07
NOM:,1,1,1,0.079047347,0.776193039,0.010950352,0.015563508,0.105878838,0.004251835,0.008115082
NOM:,1,1,1,0.002804967,0.965040983,0.00418398,0.008345508,0.017091175,1.56E-04,0.002376965
NOM:,1,0,1,0.724619823,0.251222446,0.004743118,0.002123811,0.013574084,0.003544267,1.72E-04
NOM:,1,1,1,1.58E-05,0.999744926,2.96E-05,5.17E-05,2.54E-05,1.61E-05,1.17E-04
NOM:,1,1,1,0.004400735,0.94882913,0.039913771,0.002953237,0.003901036,1.03E-06,1.06E-06
NOM:,1,1,1,2.01E-05,0.999708814,2.03E-05,8.66E-05,8.68E-05,3.83E-05,3.91E-05
NOM:,1,1,1,6.37E-06,0.999765702,5.03E-06,1.22E-04,3.19E-05,9.36E-06,5.92E-05
NOM:,1,1,1,0.004777439,0.975557067,0.004177885,0.011584899,9.20E-04,0.001095372,0.001886846
NOM:,1,1,1,0.003088096,0.623325341,0.091398486,0.280137857,0.002036847,2.89E-06,1.05E-05
NOM:,1,1,1,7.84E-04,0.860875618,0.097612905,0.029270466,0.001728548,3.89E-04,0.009339059
NOM:,1,1,1,0.016589982,0.973055079,0.004760932,3.08E-04,8.27E-04,4.87E-04,0.003971597
NOM:,1,1,1,9.35E-04,0.779734872,0.112005095,0.082039757,0.02501626,4.41E-05,2.25E-04
NOM:,1,1,1,0.050801313,0.941851474,3.34E-04,9.27E-04,0.001154012,0.004651638,2.81E-04
NOM:,1,1,1,0.004133272,0.977289881,5.07E-05,2.20E-04,0.018107706,1.35E-04,6.27E-05
NOM:,1,1,1,8.28E-04,0.977966789,2.06E-04,9.47E-04,0.019805254,3.16E-05,2.16E-04
NOM:,1,1,1,1.34E-06,0.999912464,2.01E-05,1.41E-05,3.96E-05,2.22E-06,1.02E-05
NOM:,1,1,1,0.006421929,0.905599827,0.023275222,0.052920729,0.01171185,5.32E-05,1.72E-05
NOM:,1,1,1,0.013095835,0.954548566,0.024420282,0.005390714,0.002453131,6.27E-05,2.88E-05
NOM:,1,2,1,2.52E-04,0.29541593,0.493172025,0.211040222,1.04E-04,1.24E-06,1.45E-05
NOM:,1,1,1,9.55E-04,0.909514292,0.012219394,0.003878795,0.073375725,4.01E-06,5.31E-05
NOM:,1,6,1,0.00271452,0.163730181,0.001837861,0.002741419,0.391201381,7.61E-04,0.437013601
NOM:,1,1,1,5.51E-05,0.978353396,0.003797463,0.007277843,0.010260412,8.03E-05,1.75E-04
NOM:,1,1,1,0.003225141,0.906049894,0.089789402,9.26E-04,6.54E-06,1.66E-06,1.36E-06
NOM:,0,0,1,0.949098581,0.046981618,0.002703631,3.20E-04,4.36E-04,4.54E-04,5.62E-06
NOM:,0,0,1,0.949598982,0.047174666,0.001631662,5.57E-04,6.25E-04,3.99E-04,1.41E-05
NOM:,0,0,1,0.843201619,0.084773798,0.005846744,9.40E-04,0.064906472,2.61E-04,7.00E-05
NOM:,0,1,1,0.034343702,0.867626669,3.38E-05,1.21E-04,0.087891828,0.008938318,0.001045129
NOM:,0,0,1,0.949260086,0.042223539,3.47E-04,0.00125175,0.005336787,0.001569418,1.15E-05
NOM:,0,0,1,0.635026312,0.244706582,0.003279526,0.002124252,0.114522862,3.39E-04,1.67E-06
NOM:,0,0,1,0.702787497,0.247344258,0.016456128,0.031352421,0.001433543,5.70E-04,5.60E-05
NOM:,5,5,1,1.68E-05,2.47E-06,6.33E-06,2.89E-05,7.83E-06,0.999932002,5.70E-06
NOM:,5,5,1,0.001705032,4.06E-05,6.19E-06,8.31E-05,4.12E-04,0.997356442,3.96E-04
NOM:,5,5,1,2.22E-05,1.41E-06,4.77E-06,1.32E-04,5.81E-05,0.999780446,7.81E-07
NOM:,5,5,1,3.59E-04,4.83E-06,2.28E-05,9.40E-06,1.14E-04,0.999486323,4.37E-06
NOM:,5,5,1,2.60E-06,1.45E-07,1.60E-07,5.18E-07,6.93E-07,0.999995732,1.47E-07
NOM:,6,6,1,1.52E-04,1.16E-04,9.87E-05,3.12E-04,3.74E-04,1.04E-04,0.998843362
NOM:,6,6,1,1.87E-06,3.42E-05,7.88E-06,3.24E-05,6.72E-07,4.47E-07,0.999922449
NOM:,6,6,1,2.15E-06,2.09E-05,6.73E-06,1.14E-05,2.79E-06,1.99E-06,0.999954088
NOM:,6,4,1,0.026339655,0.301818309,0.003457473,0.0206174,0.374412059,5.14E-04,0.272840632
NOM:,6,4,1,0.002990534,0.168244767,3.28E-04,4.65E-04,0.82565595,0.001160972,0.001155271
NOM:,6,6,1,0.013049052,4.59E-04,2.51E-05,2.07E-04,4.93E-04,0.001840562,0.983926433
NOM:,6,6,1,2.13E-05,2.01E-05,9.44E-06,2.24E-04,1.80E-06,1.71E-07,0.999723634
NOM:,3,1,1,4.93E-04,0.899478756,0.061764203,0.02880437,0.009446009,1.07E-05,3.30E-06
NOM:,3,2,1,0.008246585,0.38619426,0.527019709,0.077544196,5.77E-04,6.57E-05,3.53E-04
NOM:,3,2,1,7.48E-04,0.245366792,0.55080254,0.199597787,0.002672232,6.76E-06,8.06E-04
NOM:,3,4,1,0.047444718,0.192801164,0.085513409,0.083593625,0.586558683,0.003028161,0.001060241
NOM:,4,1,1,0.119018115,0.741494441,9.01E-05,4.23E-04,0.124366867,0.002041875,0.012565717
NOM:,4,4,1,5.60E-05,0.005027715,3.93E-06,1.97E-04,0.994713087,1.42E-06,1.01E-06
NOM:,4,0,1,0.76623448,0.147019597,0.007096614,0.028590611,0.002457936,0.016515865,0.032084897
NOM:,4,4,1,0.028870899,0.038039265,6.24E-06,2.07E-04,0.930693113,0.001762139,4.21E-04
NOM:,4,4,1,0.017880064,0.007734734,0.022158895,0.002494107,0.949710299,8.95E-06,1.30E-05
NOM:,4,4,1,0.056777739,0.011137283,0.005047799,0.00397336,0.922936,3.97E-05,8.81E-05
NOM:,2,4,1,0.103694119,0.135818289,8.64E-04,0.001360335,0.708396701,0.004871254,0.044995598
NOM:,2,2,1,0.002491174,0.429051185,0.498704138,0.069027004,1.21E-04,1.28E-05,5.93E-04
NOM:,2,2,1,0.001836416,0.009449245,0.862686976,0.117889658,0.005462179,0.001600392,0.001075134
NOM:,2,2,1,3.28E-06,0.031066837,0.957725774,0.011200006,3.83E-06,2.72E-08,2.48E-07
NOM:,2,2,1,3.53E-05,0.074190494,0.663107419,0.261590597,7.55E-04,1.68E-05,3.04E-04
NOM:,2,3,1,0.001021616,0.17936868,0.094615769,0.713327445,0.009688028,1.41E-04,0.001837824
NOM:,2,1,1,5.73E-04,0.367328828,0.231333478,0.013045362,0.112070597,0.004123696,0.271525202
NOM:,2,2,1,3.73E-06,0.14603536,0.819839927,0.034116565,3.67E-07,3.43E-07,3.71E-06
NOM:,1,1,1,0.008078005,0.546835934,1.17E-04,0.00464883,0.369014031,1.67E-04,0.071138604
NOM:,1,2,1,0.008680339,0.145148917,0.834168995,0.011817399,6.11E-05,6.81E-06,1.16E-04
NOM:,1,4,1,0.003470809,0.287188431,2.44E-04,0.091054343,0.615424412,0.001298861,0.001319311
NOM:,1,2,1,7.76E-05,0.057307963,0.901401554,0.041190545,6.27E-06,2.22E-07,1.59E-05
NOM:,1,1,1,3.97E-04,0.96668794,4.74E-04,0.004106549,0.014388574,1.32E-04,0.013814129
NOM:,1,1,1,5.41E-06,0.999971629,9.12E-07,1.61E-06,1.17E-05,1.50E-06,7.22E-06
NOM:,1,1,1,9.63E-04,0.920140809,0.004985951,2.63E-04,0.073576841,1.23E-05,5.83E-05
NOM:,1,1,1,2.12E-05,0.976306409,0.01808388,0.001557433,0.004023029,4.09E-06,3.97E-06
NOM:,1,1,1,8.23E-04,0.630351268,4.77E-05,0.001203303,0.367217876,2.67E-04,8.95E-05
NOM:,1,2,1,1.32E-04,0.036410893,0.935271335,0.028176443,2.71E-06,9.78E-08,6.87E-06
NOM:,1,1,1,0.008694704,0.588213775,0.366520771,0.032408261,0.004148966,4.41E-07,1.31E-05
NOM:,1,4,1,0.022454879,0.180836391,0.006923295,3.69E-04,0.777209185,0.010367761,0.001839965
NOM:,1,1,1,0.052057579,0.88318633,0.056018415,0.001243957,0.007475174,5.24E-06,1.33E-05
NOM:,1,1,1,0.021953784,0.853687303,0.115937065,0.007263391,0.0011537,1.98E-06,2.77E-06
NOM:,1,1,1,0.015587761,0.94098907,4.29E-04,6.09E-04,0.041016949,5.89E-04,7.79E-04
NOM:,1,1,1,1.65E-06,0.999926671,1.44E-06,8.01E-06,6.99E-06,5.25E-05,2.73E-06
NOM:,1,2,1,0.164151233,0.188495131,0.642441159,0.004696364,2.01E-04,9.66E-06,5.73E-06
NOM:,1,1,1,2.19E-06,0.999966062,1.70E-05,4.37E-06,3.08E-06,2.20E-06,5.13E-06
NOM:,1,1,1,3.02E-04,0.868583562,7.78E-04,1.76E-04,0.003364466,1.27E-04,0.126668633
NOM:,1,1,1,8.93E-04,0.927692534,0.036032855,0.016223393,0.019092677,5.71E-05,8.00E-06
NOM:,1,1,1,9.35E-06,0.999964077,2.89E-06,3.80E-06,3.87E-06,1.21E-05,3.91E-06
NOM:,1,1,1,0.004730762,0.504311697,0.003791384,0.006022668,0.23658077,0.001660117,0.242902602
NOM:,1,1,1,3.49E-04,0.984508934,0.001293684,0.002054021,0.011731345,3.76E-05,2.53E-05
NOM:,1,0,1,0.641832821,0.329310844,0.001335768,0.001330378,0.026048282,1.35E-04,6.93E-06
NOM:,1,4,1,0.001336072,0.181511006,3.08E-05,3.59E-04,0.815456943,4.22E-06,0.001302237
NOM:,0,4,1,0.399668054,0.042788661,0.001426402,4.79E-04,0.554447369,6.79E-04,5.11E-04
NOM:,0,4,1,0.239630022,0.027698511,8.90E-05,8.35E-05,0.674823926,0.051855678,0.005819442
NOM:,0,0,1,0.859301242,0.114647422,0.007928737,0.015517722,8.40E-04,0.001717778,4.69E-05
NOM:,0,0,1,0.7927296,0.163563007,0.011576371,0.001741163,0.030007468,3.61E-04,2.10E-05
NOM:,0,0,1,0.740342493,0.220547213,0.001300622,2.22E-04,0.035151488,0.002428102,7.60E-06
NOM:,0,0,1,0.567784153,0.231779361,0.130290871,0.037107275,0.032847864,6.62E-05,1.24E-04
NOM:,0,0,1,0.793974047,0.134067315,0.069732038,0.001534295,6.70E-04,1.59E-05,6.38E-06
NOM:,5,5,1,8.79E-05,6.94E-05,1.20E-04,2.44E-04,2.97E-04,0.998949452,2.33E-04
NOM:,5,5,1,3.36E-06,3.47E-07,4.57E-07,7.78E-07,1.34E-05,0.999980596,1.01E-06
NOM:,5,5,1,0.006835326,0.001091404,5.86E-05,1.17E-04,0.003843793,0.987944333,1.10E-04
NOM:,5,5,1,1.74E-06,1.20E-06,5.90E-07,2.20E-06,7.92E-07,0.999992729,7.49E-07
NOM:,5,5,1,1.64E-06,1.57E-06,1.72E-06,2.32E-06,1.97E-06,0.999989113,1.67E-06
NOM:,6,6,1,3.76E-05,1.06E-05,4.24E-07,1.25E-05,2.65E-07,1.44E-06,0.999937128
NOM:,6,6,1,6.24E-06,2.26E-06,4.33E-07,7.35E-06,4.61E-07,2.07E-07,0.999983049
NOM:,6,6,1,0.002940675,0.453333046,0.010543736,0.017476075,0.013517352,2.03E-04,0.501985689
NOM:,6,6,1,3.01E-04,2.94E-04,2.83E-05,1.18E-04,2.30E-05,4.12E-05,0.999194979
NOM:,6,6,1,6.44E-05,1.30E-04,7.25E-06,1.15E-05,7.29E-06,2.02E-06,0.999777183
NOM:,6,6,1,0.018223808,0.02356599,0.002807532,0.028482337,3.79E-06,1.45E-04,0.926771052
NOM:,6,6,1,0.110283247,0.121673934,0.001558408,0.193566409,0.005565083,0.004681901,0.562671018
NOM:,3,4,1,0.003427362,0.383161328,0.001749073,0.007035674,0.602739794,4.48E-05,0.001842017
NOM:,3,3,1,0.008770995,0.130484024,0.321635701,0.447695621,3.54E-04,0.001161501,0.089897763
NOM:,3,3,1,1.12E-04,0.022869012,0.271249397,0.660890803,0.044793061,4.43E-05,4.15E-05
NOM:,3,3,1,5.82E-05,0.008818465,0.184032073,0.80102012,0.005931049,6.28E-05,7.73E-05