type,actual,prediction,weight,Breast,Colorectum,Upper GI,Liver,Lung,Ovary,Pancreas,no. of instance,a,p,e,pre
NOM:,4,4,1,0.408717769,9.28E-05,4.97E-05,0.001209951,0.589793629,1.35E-04,1.50E-06,1,3:'Upper GI',2:Colorectum,+,0.61
NOM:,4,4,1,1.07E-04,0.189284193,1.57E-06,7.53E-04,0.809848201,3.05E-06,2.54E-06,2,3:'Upper GI',4:Liver,+,0.516
NOM:,4,4,1,0.011083108,0.057061615,2.41E-05,4.93E-06,0.922090449,0.008477131,0.001258694,3,3:'Upper GI',2:Colorectum,+,0.478
NOM:,4,4,1,0.013705674,0.012354034,6.91E-06,1.48E-07,0.971134622,0.002275119,5.23E-04,4,3:'Upper GI',3:Upper GI,,0.735
NOM:,4,4,1,0.282832741,0.012404167,9.57E-06,0.003135451,0.701469756,1.37E-04,1.17E-05,5,3:'Upper GI',3:Upper GI,,0.71
NOM:,4,4,1,5.05E-04,0.002354061,3.42E-07,1.11E-06,0.997139142,1.74E-07,8.19E-09,6,3:'Upper GI',4:Liver,+,0.49
NOM:,4,1,1,9.63E-04,0.669099665,3.47E-05,7.74E-04,0.328827873,6.47E-05,2.36E-04,7,3:'Upper GI',5:Lung,+,0.997
NOM:,2,1,1,0.001311222,0.658370408,0.013473662,0.238146146,0.037139512,8.29E-06,0.051550762,8,3:'Upper GI',2:Colorectum,+,0.476
NOM:,2,2,1,6.09E-06,0.044876032,0.954128509,9.89E-04,1.00E-07,4.42E-10,4.42E-09,9,7:Pancreas,7:Pancreas,,1
NOM:,2,4,1,0.00182473,0.009637098,8.07E-04,0.001931174,0.985428361,7.28E-05,2.99E-04,10,7:Pancreas,7:Pancreas,,1
NOM:,2,0,1,0.957926443,0.037601314,0.004324946,1.10E-04,3.38E-05,3.59E-06,1.55E-08,11,7:Pancreas,7:Pancreas,,0.92
NOM:,2,2,1,2.28E-05,0.074829853,0.924415217,7.31E-04,1.19E-06,2.13E-10,1.54E-09,12,7:Pancreas,7:Pancreas,,0.606
NOM:,2,2,1,2.45E-04,0.049725584,0.552197033,0.397794536,3.56E-05,6.47E-07,1.33E-06,13,7:Pancreas,7:Pancreas,,1
NOM:,2,2,1,4.71E-05,0.429102808,0.57068402,1.66E-04,1.05E-09,2.23E-10,8.21E-10,14,7:Pancreas,7:Pancreas,,0.495
NOM:,2,2,1,3.35E-06,0.010297644,0.931462727,0.058236087,4.41E-09,1.85E-09,1.82E-07,15,7:Pancreas,3:Upper GI,+,0.498
NOM:,1,1,1,0.253005873,0.446375292,1.43E-06,1.33E-05,0.284423585,0.015065803,0.001114679,16,2:Colorectum,2:Colorectum,,0.864
NOM:,1,1,1,0.015771255,0.984046437,6.46E-05,6.60E-05,4.95E-05,2.14E-06,1.43E-08,17,2:Colorectum,2:Colorectum,,0.987
NOM:,1,1,1,2.27E-04,0.996132475,2.81E-06,6.09E-04,0.002595453,4.17E-05,3.91E-04,18,2:Colorectum,2:Colorectum,,0.491
NOM:,1,2,1,3.60E-06,0.468780499,0.527269386,0.003832272,1.14E-04,2.25E-09,2.53E-08,19,2:Colorectum,2:Colorectum,,1
NOM:,1,1,1,6.48E-08,0.999999868,8.35E-10,1.84E-09,2.66E-08,2.10E-08,1.69E-08,20,2:Colorectum,1:Breast,+,0.58
NOM:,1,1,1,4.64E-05,0.970319291,0.015471601,0.013913512,9.67E-07,2.76E-08,2.48E-04,21,2:Colorectum,2:Colorectum,,0.949
NOM:,1,1,1,1.23E-05,0.630209263,0.361797311,0.007968419,2.08E-07,6.34E-09,1.25E-05,22,2:Colorectum,2:Colorectum,,0.46
NOM:,1,1,1,8.76E-06,0.999731448,1.67E-05,1.20E-04,1.18E-04,3.32E-06,1.96E-06,23,2:Colorectum,2:Colorectum,,0.973
NOM:,1,1,1,0.019210293,0.635836095,8.87E-06,2.60E-04,0.018724112,8.53E-04,0.325107416,24,2:Colorectum,2:Colorectum,,0.966
NOM:,1,3,1,0.016067261,0.330977146,0.191604092,0.461282544,6.68E-05,7.53E-07,1.45E-06,25,2:Colorectum,5:Lung,+,0.492
NOM:,1,1,1,2.98E-04,0.999675234,1.64E-05,2.68E-07,4.50E-06,9.49E-07,4.40E-06,26,2:Colorectum,2:Colorectum,,0.683
NOM:,1,0,1,0.56669448,0.42366436,0.004860613,0.004779033,6.25E-07,8.75E-07,1.39E-08,27,2:Colorectum,5:Lung,+,0.652
NOM:,1,1,1,0.061035579,0.938531308,1.05E-04,3.01E-04,2.57E-05,1.44E-06,8.09E-09,28,2:Colorectum,2:Colorectum,,0.682
NOM:,1,1,1,5.02E-04,0.981138902,0.009589017,0.00874361,1.21E-05,2.96E-06,1.19E-05,29,2:Colorectum,2:Colorectum,,1
NOM:,1,1,1,0.161458941,0.802520498,0.017612986,0.016159071,0.002138251,1.07E-04,3.31E-06,30,2:Colorectum,2:Colorectum,,0.943
NOM:,1,1,1,0.081777537,0.286232091,1.56E-07,1.13E-05,0.275075605,0.183488498,0.173414763,31,2:Colorectum,2:Colorectum,,0.989
NOM:,1,1,1,3.92E-06,0.999990194,1.10E-08,4.12E-08,3.11E-06,3.83E-07,2.34E-06,32,2:Colorectum,2:Colorectum,,0.863
NOM:,1,2,1,2.42E-07,0.023128028,0.963777653,0.013094076,5.53E-10,1.03E-10,1.68E-10,33,2:Colorectum,3:Upper GI,+,0.803
NOM:,1,1,1,2.53E-05,0.999090855,1.15E-06,1.22E-05,6.61E-06,2.33E-04,6.31E-04,34,2:Colorectum,2:Colorectum,,1
NOM:,1,1,1,2.05E-06,0.999384553,2.59E-06,8.63E-05,3.44E-05,3.52E-07,4.90E-04,35,2:Colorectum,2:Colorectum,,1
NOM:,1,3,1,7.62E-04,0.026775567,0.349247917,0.623214337,4.86E-08,3.48E-07,1.65E-07,36,2:Colorectum,2:Colorectum,,0.609
NOM:,1,0,1,0.860921887,0.134205582,0.004396055,4.45E-04,1.87E-05,1.26E-05,1.44E-07,37,2:Colorectum,2:Colorectum,,0.587
NOM:,1,2,1,0.031263521,0.302212819,0.418866717,0.247644155,9.24E-07,1.10E-05,8.23E-07,38,2:Colorectum,2:Colorectum,,1
NOM:,1,4,1,1.36E-04,0.378416735,1.29E-07,3.91E-06,0.621442782,1.40E-07,5.10E-07,39,2:Colorectum,5:Lung,+,0.481
NOM:,1,1,1,4.31E-04,0.964794304,0.033838426,1.99E-04,7.33E-04,3.16E-07,3.97E-06,40,2:Colorectum,2:Colorectum,,1
NOM:,0,4,1,0.382056391,0.001076738,1.71E-05,0.00164877,0.615086006,1.14E-04,1.18E-06,41,5:Lung,5:Lung,,0.991
NOM:,0,0,1,0.95816748,0.039127268,3.65E-05,6.13E-04,2.30E-05,0.001994734,3.81E-05,42,5:Lung,2:Colorectum,+,0.865
NOM:,0,0,1,0.591496123,0.370001183,0.001966166,0.034308044,7.37E-04,0.001371912,1.20E-04,43,5:Lung,5:Lung,,0.921
NOM:,0,0,1,0.945372091,0.054123547,1.35E-04,1.22E-04,2.48E-04,7.71E-08,2.32E-07,44,5:Lung,5:Lung,,0.504
NOM:,0,4,1,8.07E-05,0.204347426,1.34E-08,1.02E-05,0.79556157,1.04E-07,3.73E-08,45,5:Lung,2:Colorectum,+,0.563
NOM:,0,0,1,0.979371557,0.019571359,4.04E-04,1.52E-04,1.37E-04,6.49E-05,2.98E-04,46,5:Lung,5:Lung,,0.916
NOM:,0,0,1,0.89495659,0.079581569,0.0092474,0.016206949,2.31E-06,4.15E-06,1.04E-06,47,4:Liver,4:Liver,,0.631
NOM:,5,5,1,5.49E-04,3.51E-06,3.40E-06,1.43E-05,0.001202706,0.998223474,3.52E-06,48,4:Liver,2:Colorectum,+,0.507
NOM:,5,0,1,0.663863227,0.014716639,4.46E-06,6.56E-05,0.059671858,0.261516971,1.61E-04,49,4:Liver,4:Liver,,0.397
NOM:,5,5,1,7.68E-09,3.19E-09,5.33E-09,6.20E-09,4.95E-09,0.999999969,4.09E-09,50,4:Liver,4:Liver,,0.66
NOM:,5,5,1,9.22E-10,4.00E-10,6.09E-10,7.71E-10,5.14E-09,0.999999992,6.23E-10,51,4:Liver,4:Liver,,0.751
NOM:,5,5,1,6.31E-06,3.47E-07,4.64E-07,2.15E-06,5.55E-07,0.999968067,2.21E-05,52,1:Breast,1:Breast,,0.996
NOM:,6,6,1,2.26E-04,0.00202123,3.94E-09,1.69E-06,4.48E-04,7.41E-06,0.997295255,53,1:Breast,7:Pancreas,+,0.307
NOM:,6,6,1,0.007273288,0.367594163,3.50E-06,1.15E-04,0.007073615,0.003670825,0.614269767,54,1:Breast,5:Lung,+,0.505
NOM:,6,6,1,4.89E-08,2.33E-06,6.14E-09,1.55E-06,4.80E-08,2.53E-08,0.999995993,55,1:Breast,2:Colorectum,+,0.48
NOM:,6,6,1,1.15E-04,0.01896135,3.82E-05,4.26E-05,5.02E-04,2.77E-06,0.980338168,56,1:Breast,2:Colorectum,+,0.394
NOM:,6,6,1,1.40E-07,1.12E-06,8.01E-08,4.02E-07,2.64E-07,7.46E-08,0.999997918,57,1:Breast,4:Liver,+,0.475
NOM:,6,6,1,1.93E-10,2.93E-09,5.83E-11,1.38E-10,1.66E-10,1.83E-10,0.999999996,58,1:Breast,5:Lung,+,0.568
NOM:,6,6,1,1.16E-10,9.29E-09,4.42E-11,1.45E-10,1.41E-10,6.36E-11,0.99999999,59,6:Ovary,6:Ovary,,1
NOM:,3,3,1,0.115471871,0.234206923,0.087591618,0.532716274,0.02969002,3.78E-05,2.85E-04,60,6:Ovary,6:Ovary,,1
NOM:,3,3,1,1.13E-04,0.001225601,0.054428809,0.944230283,4.52E-07,4.66E-07,1.35E-06,61,6:Ovary,6:Ovary,,1
NOM:,3,2,1,5.85E-05,0.033242321,0.811610018,0.155089061,3.90E-08,1.22E-08,5.02E-09,62,6:Ovary,6:Ovary,,1
NOM:,3,1,1,9.51E-04,0.680350576,0.108673262,0.209958769,6.65E-05,2.89E-08,8.91E-09,63,6:Ovary,6:Ovary,,1
NOM:,4,4,1,0.030404077,0.422353752,4.38E-08,1.00E-04,0.547105843,5.12E-06,3.11E-05,1,3:'Upper GI',3:Upper GI,,0.812
NOM:,4,4,1,6.47E-04,0.023796778,1.47E-04,1.14E-05,0.964315059,3.49E-05,0.011048366,2,3:'Upper GI',3:Upper GI,,0.42
NOM:,4,4,1,1.83E-04,0.174224896,5.53E-09,1.43E-05,0.825577746,2.32E-07,5.23E-09,3,3:'Upper GI',3:Upper GI,,0.772
NOM:,4,1,1,0.049303834,0.814501625,0.094418754,0.026160244,0.014265115,3.12E-05,0.001319231,4,3:'Upper GI',2:Colorectum,+,0.609
NOM:,4,4,1,0.256907293,3.30E-04,0.002060931,2.80E-05,0.740672911,7.58E-07,2.21E-07,5,3:'Upper GI',3:Upper GI,,0.898
NOM:,4,4,1,0.426146786,0.002782255,9.45E-05,0.01201555,0.55874064,2.08E-04,1.24E-05,6,3:'Upper GI',3:Upper GI,,0.693
NOM:,2,2,1,2.48E-06,0.027367592,0.966958144,0.005671693,1.47E-08,1.85E-10,8.00E-08,7,3:'Upper GI',2:Colorectum,+,0.624
NOM:,2,2,1,1.19E-08,0.011487108,0.987707976,8.05E-04,7.77E-10,5.20E-11,2.55E-09,8,3:'Upper GI',3:Upper GI,,0.614
NOM:,2,2,1,6.90E-08,0.038132534,0.961798072,6.93E-05,4.56E-10,3.58E-11,1.98E-10,9,7:Pancreas,7:Pancreas,,1
NOM:,2,2,1,6.04E-06,0.434298007,0.543031886,0.022664041,1.25E-08,1.32E-08,2.12E-09,10,7:Pancreas,7:Pancreas,,0.988
NOM:,2,1,1,0.005844096,0.993184658,4.88E-04,4.02E-04,8.10E-05,1.56E-08,1.55E-08,11,7:Pancreas,7:Pancreas,,0.617
NOM:,2,2,1,3.13E-04,0.087471264,0.908373962,0.003840207,1.69E-07,9.55E-09,1.13E-06,12,7:Pancreas,2:Colorectum,+,0.845
NOM:,2,0,1,0.859991699,0.119497448,0.018732382,7.76E-04,9.84E-04,4.33E-06,1.38E-05,13,7:Pancreas,7:Pancreas,,0.798
NOM:,2,2,1,2.19E-04,0.120897626,0.875899864,0.002982591,5.92E-07,9.58E-11,2.80E-08,14,7:Pancreas,7:Pancreas,,1
NOM:,1,1,1,1.36E-04,0.706364874,0.289396917,0.004011302,9.08E-05,1.20E-08,2.75E-08,15,7:Pancreas,2:Colorectum,+,0.668
NOM:,1,1,1,3.30E-05,0.999960906,7.76E-07,3.30E-08,2.77E-06,2.42E-06,5.54E-08,16,2:Colorectum,2:Colorectum,,1
NOM:,1,1,1,7.90E-08,0.999999802,2.85E-09,6.00E-09,1.30E-08,2.15E-08,7.59E-08,17,2:Colorectum,2:Colorectum,,1
NOM:,1,1,1,2.95E-04,0.99913361,1.75E-06,1.57E-06,5.49E-04,1.79E-05,1.89E-06,18,2:Colorectum,2:Colorectum,,1
NOM:,1,1,1,0.001448701,0.803195499,8.80E-05,8.67E-06,0.15707726,1.49E-05,0.038166964,19,2:Colorectum,2:Colorectum,,0.605
NOM:,1,1,1,0.19106908,0.802014525,0.006434701,4.79E-04,2.16E-06,4.03E-07,2.29E-08,20,2:Colorectum,2:Colorectum,,0.668
NOM:,1,2,1,2.79E-08,0.031432612,0.937570373,0.030996765,1.78E-08,9.47E-09,1.94E-07,21,2:Colorectum,3:Upper GI,+,0.876
NOM:,1,1,1,4.85E-05,0.988221015,1.60E-07,6.95E-06,5.78E-04,0.001222862,0.009922506,22,2:Colorectum,3:Upper GI,+,0.944
NOM:,1,1,1,6.70E-04,0.995366656,1.58E-05,3.14E-05,0.003421468,2.21E-04,2.74E-04,23,2:Colorectum,1:Breast,+,0.776
NOM:,1,0,1,0.634000157,0.365485484,4.74E-04,2.53E-05,1.53E-05,1.40E-07,6.81E-08,24,2:Colorectum,2:Colorectum,,0.999
NOM:,1,1,1,0.133662519,0.861242014,0.00435841,7.34E-04,1.96E-06,5.71E-07,4.61E-08,25,2:Colorectum,2:Colorectum,,0.997
NOM:,1,1,1,0.051922042,0.881365419,0.011576758,0.055100004,3.35E-05,2.19E-06,9.55E-08,26,2:Colorectum,2:Colorectum,,0.763
NOM:,1,1,1,9.19E-08,0.999999726,4.64E-09,1.39E-09,6.92E-08,8.46E-08,2.27E-08,27,2:Colorectum,2:Colorectum,,1
NOM:,1,1,1,9.08E-04,0.647278698,0.332633105,0.019154004,1.25E-05,1.94E-06,1.16E-05,28,2:Colorectum,2:Colorectum,,1
NOM:,1,1,1,1.90E-04,0.99682744,5.84E-04,0.002117678,2.80E-04,6.56E-07,9.46E-07,29,2:Colorectum,2:Colorectum,,0.999
NOM:,1,1,1,0.037582,0.858966575,0.102001439,0.001449956,2.46E-08,1.76E-09,3.65E-09,30,2:Colorectum,3:Upper GI,+,0.985
NOM:,1,1,1,0.004862407,0.744097141,0.195961971,0.055076695,3.58E-07,1.35E-06,7.70E-08,31,2:Colorectum,2:Colorectum,,0.47
NOM:,1,1,1,9.71E-04,0.998379154,3.50E-06,3.33E-06,2.17E-04,1.40E-04,2.85E-04,32,2:Colorectum,2:Colorectum,,1
NOM:,1,1,1,0.004077293,0.994866043,9.38E-05,7.18E-04,1.76E-04,1.76E-08,6.85E-05,33,2:Colorectum,2:Colorectum,,1
NOM:,1,4,1,0.058120405,0.019517103,1.81E-07,1.31E-08,0.898574902,0.020496388,0.003291008,34,2:Colorectum,3:Upper GI,+,0.657
NOM:,1,1,1,1.49E-08,0.999998913,1.35E-09,3.52E-09,9.22E-07,1.31E-07,1.52E-08,35,2:Colorectum,2:Colorectum,,0.923
NOM:,1,1,1,0.049795882,0.910453672,0.027559272,0.012186444,4.62E-06,7.14E-08,4.17E-08,36,2:Colorectum,2:Colorectum,,1
NOM:,1,1,1,7.10E-06,0.999924165,1.00E-05,1.58E-05,3.86E-05,2.41E-06,1.85E-06,37,2:Colorectum,2:Colorectum,,0.847
NOM:,1,4,1,9.16E-07,0.100850896,4.67E-09,5.98E-06,0.899142196,7.02E-09,4.68E-09,38,2:Colorectum,4:Liver,+,0.514
NOM:,1,1,1,0.004155188,0.988056678,1.28E-04,1.29E-04,0.007472555,1.18E-05,4.68E-05,39,2:Colorectum,2:Colorectum,,0.889
NOM:,1,1,1,1.89E-07,0.999996703,3.97E-09,4.23E-09,8.28E-07,2.22E-06,5.05E-08,40,2:Colorectum,2:Colorectum,,0.738
NOM:,0,0,1,0.92688835,0.072837755,1.05E-04,1.68E-04,9.45E-07,7.73E-09,4.59E-10,41,5:Lung,5:Lung,,0.702
NOM:,0,0,1,0.787079002,0.095255342,5.10E-04,2.18E-04,0.106982603,8.96E-04,0.009059208,42,5:Lung,5:Lung,,0.783
NOM:,0,0,1,0.848404041,0.141605261,4.87E-05,3.33E-05,0.008379631,4.87E-04,0.001041751,43,5:Lung,5:Lung,,0.711
NOM:,0,4,1,0.185688065,0.008790365,0.001795619,4.23E-05,0.803116047,3.07E-04,2.60E-04,44,5:Lung,5:Lung,,0.877
NOM:,0,1,1,0.246912239,0.713998324,0.001568265,0.010804183,0.021798499,1.33E-05,0.004905149,45,5:Lung,5:Lung,,0.466
NOM:,0,1,1,0.022727445,0.541311652,0.425215104,0.009940437,2.33E-06,1.90E-06,8.01E-04,46,5:Lung,5:Lung,,0.944
NOM:,0,0,1,0.984776507,0.013867284,2.03E-04,0.001150859,1.35E-06,5.76E-07,2.79E-08,47,4:Liver,4:Liver,,0.384
NOM:,5,5,1,1.51E-08,1.25E-08,1.25E-08,2.42E-07,1.57E-07,0.999999549,1.17E-08,48,4:Liver,4:Liver,,0.299
NOM:,5,5,1,3.22E-09,7.77E-11,3.97E-10,1.82E-09,9.60E-08,0.999999895,3.69E-09,49,4:Liver,5:Lung,+,0.644
NOM:,5,4,1,0.271590226,0.028815339,8.62E-06,3.11E-07,0.659491955,0.006202185,0.033891369,50,4:Liver,3:Upper GI,+,0.565
NOM:,5,0,1,0.548568735,0.078429869,4.86E-05,1.69E-06,0.371389536,0.001531321,3.03E-05,51,4:Liver,3:Upper GI,+,0.975
NOM:,5,0,1,0.744529387,0.085394599,7.63E-05,0.00209869,0.008632626,0.140053037,0.019215375,52,1:Breast,1:Breast,,0.354
NOM:,6,6,1,1.66E-08,1.49E-07,6.66E-09,1.67E-07,5.96E-09,8.30E-10,0.999999653,53,1:Breast,1:Breast,,0.664
NOM:,6,6,1,0.003243363,0.034602677,2.06E-05,9.00E-08,0.085690456,6.48E-05,0.876377943,54,1:Breast,2:Colorectum,+,0.807
NOM:,6,6,1,7.25E-06,1.41E-04,2.02E-05,6.47E-05,6.14E-08,3.04E-07,0.999766103,55,1:Breast,1:Breast,,0.883
NOM:,6,6,1,3.74E-10,5.82E-09,1.93E-10,6.01E-09,3.30E-09,3.64E-10,0.999999984,56,1:Breast,1:Breast,,0.905
NOM:,6,6,1,1.79E-09,1.53E-08,1.88E-08,4.87E-08,1.49E-09,1.55E-09,0.999999912,57,1:Breast,2:Colorectum,+,0.91
NOM:,6,6,1,4.99E-04,0.009202127,6.50E-05,2.67E-05,0.010978474,6.09E-04,0.978620625,58,1:Breast,1:Breast,,0.843
NOM:,6,6,1,8.70E-08,2.06E-05,1.23E-08,9.47E-08,5.24E-08,1.35E-08,0.999979179,59,6:Ovary,5:Lung,+,0.437
NOM:,3,6,1,0.081947691,0.108559539,0.010646533,0.207619741,0.060696489,9.38E-04,0.529592387,60,6:Ovary,6:Ovary,,1
NOM:,3,3,1,0.00782946,0.075589982,0.219106894,0.697473258,5.48E-08,3.25E-07,2.66E-08,61,6:Ovary,6:Ovary,,0.792
NOM:,3,2,1,0.010661162,0.129700841,0.626657409,0.232976806,2.76E-06,2.14E-08,9.97E-07,62,6:Ovary,6:Ovary,,1
NOM:,3,1,1,8.63E-04,0.632314301,0.170388837,0.196430601,2.69E-06,2.43E-08,4.15E-07,63,6:Ovary,6:Ovary,,1
NOM:,4,4,1,0.004948478,0.026456832,3.30E-06,3.36E-07,0.949717939,0.017562642,0.001310477,1,3:'Upper GI',5:Lung,+,0.97
NOM:,4,4,1,1.77E-04,0.013471859,9.84E-08,1.84E-07,0.986350194,6.76E-08,1.74E-07,2,3:'Upper GI',2:Colorectum,+,0.461
NOM:,4,4,1,0.010698057,0.091727574,2.12E-04,1.65E-06,0.884754558,0.006493444,0.006113113,3,3:'Upper GI',3:Upper GI,,0.536
NOM:,4,4,1,0.010901381,0.019978675,0.008152859,0.007986785,0.952980186,6.28E-08,5.25E-08,4,3:'Upper GI',2:Colorectum,+,0.671
NOM:,4,4,1,7.86E-05,0.025530852,2.32E-09,1.29E-07,0.974389253,1.03E-06,1.75E-07,5,3:'Upper GI',5:Lung,+,0.586
NOM:,4,4,1,1.42E-05,0.161456675,5.04E-08,1.78E-06,0.838517241,2.86E-06,7.16E-06,6,3:'Upper GI',3:Upper GI,,0.723
NOM:,2,2,1,8.28E-04,0.15680333,0.841894034,4.74E-04,1.39E-06,5.05E-08,5.24E-09,7,3:'Upper GI',4:Liver,+,0.601
NOM:,2,2,1,1.65E-04,0.259423831,0.554636403,0.185422719,6.79E-07,1.47E-05,3.37E-04,8,3:'Upper GI',3:Upper GI,,0.991
NOM:,2,6,1,9.64E-06,0.157622184,0.095112545,0.234193024,8.44E-06,9.65E-06,0.513044525,9,7:Pancreas,7:Pancreas,,1
NOM:,2,2,1,5.72E-07,0.036038524,0.962510794,0.001450107,1.77E-09,4.04E-12,7.48E-10,10,7:Pancreas,5:Lung,+,0.614
NOM:,2,2,1,2.65E-09,0.008577656,0.988929718,0.002492623,1.36E-10,5.25E-11,1.53E-10,11,7:Pancreas,2:Colorectum,+,0.513
NOM:,2,2,1,6.97E-04,0.435626441,0.558241769,0.005434708,3.29E-09,2.40E-08,4.20E-08,12,7:Pancreas,7:Pancreas,,1
NOM:,2,4,1,7.04E-05,6.71E-06,4.32E-04,4.24E-05,0.999448035,4.96E-09,2.48E-09,13,7:Pancreas,7:Pancreas,,1
NOM:,2,2,1,9.81E-09,0.032949883,0.924664061,0.042386046,6.27E-11,7.85E-11,5.79E-10,14,7:Pancreas,2:Colorectum,+,0.755
NOM:,1,4,1,0.001454012,0.362461166,3.08E-07,6.52E-06,0.636076711,1.25E-06,3.64E-08,15,7:Pancreas,7:Pancreas,,1
NOM:,1,0,1,0.969035056,0.029323026,3.43E-04,3.40E-04,9.55E-04,4.19E-06,3.83E-09,16,2:Colorectum,2:Colorectum,,0.755
NOM:,1,4,1,0.002748159,0.482574287,7.42E-05,1.09E-06,0.514516901,7.89E-05,6.42E-06,17,2:Colorectum,2:Colorectum,,1
NOM:,1,1,1,7.99E-04,0.973121581,0.020044197,0.006004004,1.35E-05,1.53E-07,1.72E-05,18,2:Colorectum,3:Upper GI,+,0.849
NOM:,1,2,1,3.96E-04,0.30737763,0.685014239,0.007212131,9.37E-08,8.09E-09,1.35E-08,19,2:Colorectum,2:Colorectum,,0.996
NOM:,1,2,1,1.19E-07,0.025974134,0.818326183,0.15569954,1.25E-08,9.85E-10,9.13E-09,20,2:Colorectum,2:Colorectum,,0.995
NOM:,1,1,1,4.53E-04,0.998788115,5.18E-07,2.55E-06,6.82E-04,4.85E-05,2.52E-05,21,2:Colorectum,2:Colorectum,,1
NOM:,1,3,1,4.70E-05,0.163093517,0.074283962,0.76253958,7.39E-06,1.08E-06,2.75E-05,22,2:Colorectum,2:Colorectum,,0.804
NOM:,1,1,1,9.72E-06,0.999976285,9.87E-06,3.52E-06,1.82E-07,4.01E-07,2.04E-08,23,2:Colorectum,2:Colorectum,,0.672
NOM:,1,2,1,9.64E-08,0.059470371,0.867081625,0.07344759,2.98E-08,2.16E-09,2.86E-07,24,2:Colorectum,2:Colorectum,,0.743
NOM:,1,1,1,3.58E-04,0.909039524,0.066395162,0.024205672,1.24E-07,1.20E-06,1.98E-07,25,2:Colorectum,2:Colorectum,,0.589
NOM:,1,1,1,1.31E-06,0.999849607,2.27E-05,1.25E-04,1.81E-06,1.92E-08,2.86E-08,26,2:Colorectum,2:Colorectum,,0.986
NOM:,1,1,1,0.181565949,0.812242228,0.002140997,0.001351252,0.002699385,1.80E-07,8.75E-09,27,2:Colorectum,2:Colorectum,,1
NOM:,1,1,1,0.002535372,0.989293163,0.005067051,9.99E-04,0.002104871,8.67E-08,2.24E-08,28,2:Colorectum,5:Lung,+,0.615
NOM:,1,2,1,0.001499874,0.343888492,0.653258015,0.001353441,3.01E-08,1.06E-07,4.09E-08,29,2:Colorectum,2:Colorectum,,0.952
NOM:,1,2,1,0.001168505,0.334766074,0.659860052,0.004205327,9.26E-09,1.11E-09,3.15E-08,30,2:Colorectum,3:Upper GI,+,0.911
NOM:,1,1,1,0.003903236,0.987274587,0.008298049,5.21E-04,2.52E-06,1.00E-08,3.44E-07,31,2:Colorectum,2:Colorectum,,0.521
NOM:,1,1,1,0.014885001,0.628846317,3.78E-07,8.32E-07,0.287821284,0.011243572,0.057202616,32,2:Colorectum,2:Colorectum,,1
NOM:,1,1,1,5.43E-09,0.999999608,2.82E-10,3.92E-10,1.89E-08,3.04E-08,3.37E-07,33,2:Colorectum,2:Colorectum,,1
NOM:,1,1,1,0.005203002,0.994415287,1.15E-04,1.03E-04,8.00E-05,2.30E-05,5.98E-05,34,2:Colorectum,2:Colorectum,,1
NOM:,1,1,1,8.81E-04,0.949813486,0.036669337,3.09E-04,0.01230994,1.53E-06,1.51E-05,35,2:Colorectum,2:Colorectum,,1
NOM:,1,1,1,0.01014284,0.989137289,6.40E-04,5.86E-05,2.15E-05,6.34E-08,5.98E-08,36,2:Colorectum,2:Colorectum,,0.904
NOM:,1,4,1,3.23E-05,0.207781362,1.20E-07,3.05E-07,0.792183631,1.76E-07,2.06E-06,37,2:Colorectum,5:Lung,+,0.938
NOM:,1,2,1,0.002009867,0.298090254,0.692714806,0.007184606,2.73E-07,6.23E-08,1.32E-07,38,2:Colorectum,2:Colorectum,,0.602
NOM:,1,0,1,0.936151704,0.063464734,1.85E-05,3.56E-04,8.51E-06,4.61E-07,8.87E-10,39,2:Colorectum,2:Colorectum,,0.993
NOM:,1,1,1,3.61E-04,0.73061452,0.226090061,0.042928555,6.85E-07,1.13E-07,5.39E-06,40,2:Colorectum,4:Liver,+,0.586
NOM:,0,1,1,0.035313789,0.531577406,1.29E-08,1.94E-08,0.166796162,0.012111612,0.254200999,41,5:Lung,2:Colorectum,+,0.913
NOM:,0,0,1,0.76789829,0.203803083,0.028238652,4.56E-05,3.81E-07,1.38E-05,2.06E-07,42,5:Lung,5:Lung,,0.871
NOM:,0,0,1,0.975887765,0.02396611,7.64E-05,2.21E-05,4.70E-05,5.37E-07,6.15E-08,43,5:Lung,1:Breast,+,0.584
NOM:,0,0,1,0.555711416,0.176615876,0.251098889,0.016541843,2.88E-05,1.85E-06,1.35E-06,44,5:Lung,5:Lung,,0.84
NOM:,0,0,1,0.94665748,0.052856222,9.29E-05,2.91E-04,5.01E-05,5.19E-05,5.87E-07,45,5:Lung,5:Lung,,0.99
NOM:,0,0,1,0.813682311,1.15E-04,7.04E-05,2.58E-06,0.186102845,2.69E-05,4.20E-07,46,5:Lung,5:Lung,,0.644
NOM:,0,1,1,0.417430563,0.575377349,0.006573924,5.99E-04,1.72E-05,2.67E-07,1.64E-06,47,4:Liver,4:Liver,,0.977
NOM:,5,5,1,2.41E-09,2.16E-10,2.06E-10,3.65E-10,6.33E-10,0.999999996,3.31E-10,48,4:Liver,4:Liver,,0.396
NOM:,5,5,1,2.48E-10,1.28E-10,1.19E-10,1.27E-10,6.27E-10,0.999999999,1.41E-10,49,4:Liver,7:Pancreas,+,0.373
NOM:,5,5,1,1.39E-10,6.74E-11,6.44E-11,7.11E-11,2.88E-10,0.999999999,4.96E-10,50,4:Liver,4:Liver,,0.583
NOM:,5,5,1,0.002278333,0.018469376,2.90E-05,5.40E-07,0.40966759,0.569281913,2.73E-04,51,4:Liver,5:Lung,+,0.902
NOM:,5,0,1,0.935209062,0.007249272,1.45E-05,1.57E-04,0.014323977,0.043044576,1.99E-06,52,1:Breast,1:Breast,,0.83
NOM:,6,4,1,0.015600414,0.152026304,5.19E-06,4.50E-07,0.769139911,0.012946371,0.050281359,53,1:Breast,1:Breast,,0.668
NOM:,6,6,1,2.02E-08,2.11E-07,3.07E-09,2.16E-08,1.63E-08,1.04E-08,0.999999718,54,1:Breast,1:Breast,,0.652
NOM:,6,6,1,3.95E-10,8.89E-09,4.10E-11,1.80E-08,3.09E-11,6.64E-10,0.999999972,55,1:Breast,5:Lung,+,0.731
NOM:,6,6,1,5.51E-08,1.27E-04,3.05E-08,1.24E-07,2.48E-05,3.13E-06,0.999844923,56,1:Breast,2:Colorectum,+,0.731
NOM:,6,6,1,1.03E-09,5.60E-09,1.95E-11,2.70E-09,5.74E-11,5.61E-09,0.999999985,57,1:Breast,5:Lung,+,0.697
NOM:,6,6,1,2.19E-06,6.37E-06,1.01E-06,1.71E-06,1.16E-06,1.73E-06,0.999985826,58,1:Breast,1:Breast,,0.618
NOM:,6,6,1,8.34E-09,2.50E-07,5.38E-09,8.96E-07,1.32E-08,8.97E-08,0.999998738,59,6:Ovary,6:Ovary,,0.442
NOM:,3,2,1,0.001410876,0.25191247,0.685750672,0.060919273,6.08E-06,1.69E-07,4.55E-07,60,6:Ovary,6:Ovary,,1
NOM:,3,3,1,1.38E-05,0.121095272,0.119764977,0.759125094,4.41E-07,9.56E-08,3.30E-07,61,6:Ovary,6:Ovary,,1
NOM:,3,4,1,5.52E-05,0.424695856,7.44E-07,3.61E-06,0.575242675,4.93E-07,1.44E-06,62,6:Ovary,1:Breast,+,0.803
NOM:,3,3,1,5.18E-05,0.089422466,0.279770359,0.630729731,1.23E-05,6.47E-07,1.27E-05,63,6:Ovary,6:Ovary,,1
NOM:,4,4,1,0.405320887,9.57E-05,7.44E-07,5.30E-05,0.594470953,5.84E-05,2.33E-07,1,3:'Upper GI',3:Upper GI,,0.93
NOM:,4,4,1,0.008254334,0.038527837,8.17E-06,1.07E-06,0.942973766,0.006752786,0.003482038,2,3:'Upper GI',2:Colorectum,+,0.573
NOM:,4,1,1,0.003260479,0.577143029,0.131309965,0.028476177,0.033826499,3.38E-06,0.225980475,3,3:'Upper GI',3:Upper GI,,0.883
NOM:,4,4,1,1.18E-04,0.016610536,2.33E-04,3.07E-06,0.978274616,1.09E-04,0.004651413,4,3:'Upper GI',5:Lung,+,0.953
NOM:,4,4,1,6.21E-04,0.002321019,0.039014898,0.003629171,0.954413977,2.37E-07,4.32E-08,5,3:'Upper GI',3:Upper GI,,0.826
NOM:,4,4,1,6.65E-04,7.37E-06,0.016782115,2.00E-05,0.982525689,3.78E-08,1.30E-08,6,3:'Upper GI',4:Liver,+,0.339
NOM:,2,2,1,5.49E-07,0.036279535,0.958095695,0.00562397,8.87E-08,4.85E-10,1.62E-07,7,3:'Upper GI',2:Colorectum,+,0.492
NOM:,2,2,1,3.27E-07,0.042301613,0.76956166,0.188030058,1.13E-06,3.05E-07,1.05E-04,8,3:'Upper GI',3:Upper GI,,0.885
NOM:,2,2,1,5.08E-07,0.059937736,0.933612458,0.006449289,4.76E-10,2.83E-09,6.52E-09,9,7:Pancreas,7:Pancreas,,1
NOM:,2,2,1,0.001323418,0.419994985,0.559624431,0.019057101,3.61E-08,2.71E-08,1.76E-09,10,7:Pancreas,5:Lung,+,0.739
NOM:,2,1,1,0.016162978,0.559781689,0.151686186,0.110356627,0.157855905,0.004085349,7.13E-05,11,7:Pancreas,7:Pancreas,,0.57
NOM:,2,1,1,0.047604399,0.339932947,0.232815488,0.144605066,0.216318924,0.011213503,0.007509672,12,7:Pancreas,7:Pancreas,,1
NOM:,2,2,1,7.70E-08,0.02469248,0.964850044,0.010457399,2.45E-10,1.03E-10,2.35E-10,13,7:Pancreas,7:Pancreas,,1
NOM:,2,2,1,2.42E-05,0.307081009,0.489708245,0.203186428,5.00E-08,4.71E-09,3.51E-08,14,7:Pancreas,7:Pancreas,,1
NOM:,1,1,1,1.79E-06,0.999437511,1.97E-04,2.87E-04,5.52E-05,9.10E-06,1.18E-05,15,7:Pancreas,7:Pancreas,,0.998
NOM:,1,1,1,6.62E-05,0.992220745,0.007278041,4.32E-04,2.14E-06,2.33E-07,5.53E-07,16,2:Colorectum,3:Upper GI,+,0.87
NOM:,1,3,1,2.40E-05,0.307674091,0.170770477,0.521528091,2.28E-08,8.52E-09,3.34E-06,17,2:Colorectum,2:Colorectum,,1
NOM:,1,1,1,5.76E-05,0.878466074,0.08281777,0.038508382,2.74E-05,2.09E-07,1.23E-04,18,2:Colorectum,2:Colorectum,,0.983
NOM:,1,1,1,0.002884409,0.928984958,2.79E-04,3.75E-06,0.024682073,2.84E-05,0.043137211,19,2:Colorectum,7:Pancreas,+,0.503
NOM:,1,1,1,2.67E-04,0.983559828,0.016035677,1.09E-04,2.61E-05,1.55E-08,2.69E-06,20,2:Colorectum,2:Colorectum,,1
NOM:,1,1,1,3.07E-06,0.999906212,1.45E-06,5.54E-06,5.43E-05,2.58E-05,3.63E-06,21,2:Colorectum,3:Upper GI,+,0.993
NOM:,1,1,1,3.37E-06,0.999980251,3.65E-06,4.66E-07,1.61E-06,3.19E-06,7.46E-06,22,2:Colorectum,2:Colorectum,,1
NOM:,1,1,1,0.015519502,0.672331477,0.044467093,0.002663346,1.30E-04,9.24E-04,0.26396512,23,2:Colorectum,3:Upper GI,+,0.553
NOM:,1,2,1,5.78E-04,0.154795857,0.844131965,4.94E-04,2.29E-09,7.62E-11,3.96E-10,24,2:Colorectum,3:Upper GI,+,0.812
NOM:,1,1,1,0.023679526,0.809837955,0.160588136,0.005893165,6.78E-07,4.79E-07,6.05E-08,25,2:Colorectum,2:Colorectum,,0.666
NOM:,1,1,1,0.02257325,0.968283853,0.005842947,0.001846746,0.00145319,1.25E-08,1.69E-09,26,2:Colorectum,2:Colorectum,,0.893
NOM:,1,4,1,0.002173001,0.00982935,1.45E-06,7.88E-04,0.987195524,1.06E-05,2.13E-06,27,2:Colorectum,2:Colorectum,,1
NOM:,1,1,1,8.45E-06,0.999954505,2.20E-05,1.49E-06,1.33E-05,2.47E-07,1.86E-08,28,2:Colorectum,2:Colorectum,,0.386
NOM:,1,2,1,4.05E-05,0.315378523,0.671182384,0.013398462,5.51E-08,5.27E-08,3.23E-08,29,2:Colorectum,2:Colorectum,,0.998
NOM:,1,1,1,1.65E-06,0.999995393,1.10E-07,1.57E-08,1.50E-06,4.41E-07,8.83E-07,30,2:Colorectum,1:Breast,+,0.777
NOM:,1,2,1,9.64E-09,0.014142736,0.985682541,1.75E-04,1.13E-08,2.02E-10,4.50E-10,31,2:Colorectum,2:Colorectum,,1
NOM:,1,1,1,1.17E-04,0.644719883,5.41E-06,1.01E-05,0.035397902,5.65E-04,0.319184631,32,2:Colorectum,2:Colorectum,,1
NOM:,1,1,1,2.26E-07,0.999998733,9.35E-08,1.56E-07,6.17E-07,1.25E-07,4.81E-08,33,2:Colorectum,7:Pancreas,+,0.502
NOM:,1,1,1,0.015429272,0.881605313,0.037342616,0.065615579,4.16E-06,5.64E-08,3.00E-06,34,2:Colorectum,2:Colorectum,,1
NOM:,1,2,1,8.15E-08,0.177098292,0.814969832,0.007931783,5.43E-09,5.41E-10,5.34E-09,35,2:Colorectum,2:Colorectum,,0.692
NOM:,1,6,1,7.60E-05,0.070970267,0.00296716,8.93E-04,2.02E-06,5.21E-06,0.925086509,36,2:Colorectum,3:Upper GI,+,0.855
NOM:,1,1,1,5.66E-05,0.953617495,0.005626609,0.037193259,2.36E-05,9.56E-07,0.003481407,37,2:Colorectum,3:Upper GI,+,0.685
NOM:,1,1,1,0.01803177,0.910810021,1.75E-04,3.11E-05,0.069426127,0.001421764,1.04E-04,38,2:Colorectum,2:Colorectum,,0.498
NOM:,1,0,1,0.875853994,0.124057909,1.37E-05,3.68E-05,3.75E-05,3.99E-08,9.88E-11,39,2:Colorectum,2:Colorectum,,0.988
NOM:,0,4,1,0.037918582,0.149606055,6.60E-07,2.72E-07,0.541672969,0.012745715,0.258055747,40,2:Colorectum,3:Upper GI,+,0.945
NOM:,0,0,1,0.98362711,0.016089543,3.85E-05,2.33E-04,1.16E-05,2.56E-07,7.18E-11,41,5:Lung,5:Lung,,0.646
NOM:,0,4,1,0.026988835,0.072053765,1.63E-04,7.72E-07,0.897273425,7.96E-04,0.002724066,42,5:Lung,5:Lung,,0.73
NOM:,0,1,1,0.243591297,0.743983045,0.004466739,0.007958884,2.22E-08,6.39E-09,6.27E-09,43,5:Lung,5:Lung,,0.497
NOM:,0,1,1,0.073378744,0.892952627,2.60E-05,0.033417325,1.21E-04,9.80E-05,6.70E-06,44,5:Lung,5:Lung,,0.715
NOM:,0,4,1,0.069863451,0.005027416,1.39E-05,1.87E-07,0.920771904,0.004123883,1.99E-04,45,5:Lung,5:Lung,,0.647
NOM:,0,3,1,0.265095639,0.042495846,0.13327381,0.461434382,3.60E-04,0.002526992,0.094813813,46,5:Lung,5:Lung,,0.98
NOM:,5,5,1,1.39E-05,4.00E-08,5.59E-08,3.83E-07,3.49E-06,0.999979875,2.30E-06,47,4:Liver,2:Colorectum,+,0.477
NOM:,5,5,1,8.63E-06,3.61E-07,1.73E-07,2.64E-07,6.27E-06,0.999984262,3.96E-08,48,4:Liver,4:Liver,,0.847
NOM:,5,4,1,0.016284813,0.130747704,7.18E-05,2.58E-05,0.45692381,0.011526759,0.384419262,49,4:Liver,4:Liver,,0.82
NOM:,5,5,1,3.28E-09,2.16E-09,1.86E-09,5.22E-09,1.97E-08,0.999999958,9.32E-09,50,4:Liver,3:Upper GI,+,0.504
NOM:,5,5,1,1.32E-08,6.22E-10,7.75E-10,2.39E-09,1.02E-07,0.999999874,7.08E-09,51,1:Breast,1:Breast,,0.66
NOM:,5,5,1,5.74E-10,3.03E-10,3.37E-10,3.63E-10,1.57E-09,0.999999997,3.10E-10,52,1:Breast,1:Breast,,0.978
NOM:,6,6,1,8.78E-09,8.80E-08,3.59E-09,1.45E-09,4.32E-10,2.10E-09,0.999999896,53,1:Breast,1:Breast,,0.855
NOM:,6,6,1,2.58E-08,9.37E-07,8.35E-09,4.31E-09,8.16E-09,3.29E-09,0.999999013,54,1:Breast,1:Breast,,0.446
NOM:,6,6,1,0.028015774,0.014530516,1.08E-04,1.42E-04,0.00194543,3.08E-04,0.954950124,55,1:Breast,1:Breast,,0.773
NOM:,6,6,1,0.165859742,0.073210219,6.93E-04,0.002177523,6.68E-04,0.008089002,0.749302302,56,1:Breast,2:Colorectum,+,0.506
NOM:,6,6,1,1.20E-09,3.35E-07,1.68E-07,9.08E-08,1.26E-09,7.03E-09,0.999999397,57,1:Breast,1:Breast,,0.696
NOM:,6,4,1,0.003760403,0.432040089,9.64E-05,1.09E-05,0.545091625,0.005557666,0.013442922,58,6:Ovary,6:Ovary,,1
NOM:,3,3,1,0.004249734,0.16764201,0.018974603,0.809125616,7.22E-06,4.85E-07,3.33E-07,59,6:Ovary,6:Ovary,,1
NOM:,3,3,1,3.84E-07,0.011241635,0.026362848,0.962391843,7.29E-09,7.94E-09,3.27E-06,60,6:Ovary,6:Ovary,,0.999
NOM:,3,3,1,1.99E-04,0.010019266,0.017667133,0.967943807,3.57E-04,1.80E-07,0.003812916,61,6:Ovary,6:Ovary,,1
NOM:,3,2,1,0.011475452,0.161328195,0.699954395,0.127155852,5.53E-05,4.51E-07,3.03E-05,62,6:Ovary,6:Ovary,,1
NOM:,3,2,1,0.01105384,0.12347546,0.535885893,0.328413704,8.67E-06,2.01E-06,0.001160422,63,6:Ovary,1:Breast,+,0.55
NOM:,4,4,1,4.16E-05,0.487244026,5.69E-06,2.99E-05,0.512673039,2.05E-06,3.63E-06,1,3:'Upper GI',3:Upper GI,,0.891
NOM:,4,4,1,0.001142037,0.00255583,0.231835866,0.016085906,0.7483789,1.20E-06,2.57E-07,2,3:'Upper GI',2:Colorectum,+,0.669
NOM:,4,4,1,0.017066447,0.001271048,1.56E-04,0.021300453,0.960204922,6.62E-07,4.56E-08,3,3:'Upper GI',2:Colorectum,+,0.537
NOM:,4,4,1,0.349737332,0.076774058,7.45E-07,6.04E-07,0.404968256,0.027614254,0.140904752,4,3:'Upper GI',3:Upper GI,,0.955
NOM:,4,4,1,1.88E-04,0.022768966,6.77E-09,1.87E-05,0.976942838,7.93E-05,1.71E-06,5,3:'Upper GI',3:Upper GI,,0.69
NOM:,4,4,1,0.279270786,0.255537431,6.19E-05,0.041170146,0.423135,1.21E-04,7.04E-04,6,3:'Upper GI',5:Lung,+,0.913
NOM:,2,2,1,2.00E-05,0.452361997,0.541977638,0.005639619,6.40E-07,1.35E-08,4.75E-08,7,3:'Upper GI',3:Upper GI,,0.558
NOM:,2,2,1,0.002301799,0.093688913,0.886692965,0.017306045,9.21E-06,2.32E-07,8.32E-07,8,3:'Upper GI',3:Upper GI,,0.654
NOM:,2,2,1,3.25E-08,0.053469247,0.946471954,5.88E-05,7.80E-11,1.01E-11,2.56E-11,9,7:Pancreas,7:Pancreas,,0.994
NOM:,2,2,1,5.45E-04,0.149309799,0.848689423,0.001453958,2.01E-06,2.80E-08,3.17E-09,10,7:Pancreas,7:Pancreas,,1
NOM:,2,2,1,2.46E-07,0.001030626,0.872578876,0.126390233,1.79E-08,3.72E-10,4.02E-10,11,7:Pancreas,7:Pancreas,,0.871
NOM:,2,2,1,3.08E-07,0.016767744,0.980626156,0.002600503,5.01E-06,6.95E-08,2.11E-07,12,7:Pancreas,1:Breast,+,0.416
NOM:,2,1,1,0.003178897,0.591437758,0.349116528,0.056084189,1.68E-04,9.22E-06,5.37E-06,13,7:Pancreas,7:Pancreas,,1
NOM:,2,2,1,0.001542351,0.294463165,0.614415145,0.080314522,0.009162367,9.70E-05,5.45E-06,14,7:Pancreas,7:Pancreas,,1
NOM:,1,1,1,6.65E-09,0.999999758,7.85E-09,9.49E-09,5.77E-08,2.82E-09,1.58E-07,15,7:Pancreas,7:Pancreas,,0.979
NOM:,1,1,1,0.006707689,0.923525216,0.006562602,0.04601944,0.012965263,5.46E-04,0.003673868,16,2:Colorectum,2:Colorectum,,0.891
NOM:,1,1,1,6.52E-09,0.999999963,2.41E-10,2.25E-09,1.59E-08,1.01E-08,2.41E-09,17,2:Colorectum,2:Colorectum,,1
NOM:,1,1,1,0.007569233,0.896727916,0.076059627,0.019320995,3.18E-04,3.57E-06,3.20E-07,18,2:Colorectum,2:Colorectum,,0.639
NOM:,1,1,1,2.11E-08,0.999999813,2.43E-08,7.53E-09,7.53E-08,1.00E-08,4.85E-08,19,2:Colorectum,2:Colorectum,,0.998
NOM:,1,1,1,5.23E-05,0.506304539,0.486872901,0.00644719,1.33E-04,1.84E-05,1.72E-04,20,2:Colorectum,2:Colorectum,,0.599
NOM:,1,1,1,0.053852266,0.93315442,0.012733225,2.59E-04,1.23E-07,7.30E-07,1.31E-08,21,2:Colorectum,2:Colorectum,,0.932
NOM:,1,6,1,0.001944896,0.14646659,5.77E-05,5.66E-04,2.14E-04,1.03E-04,0.850648133,22,2:Colorectum,1:Breast,+,0.498
NOM:,1,1,1,3.66E-05,0.99888415,8.61E-06,9.03E-05,9.79E-04,1.13E-07,1.42E-06,23,2:Colorectum,2:Colorectum,,1
NOM:,1,1,1,3.78E-04,0.998861273,7.14E-04,3.54E-05,9.71E-06,8.43E-08,1.62E-06,24,2:Colorectum,2:Colorectum,,0.867
NOM:,1,1,1,3.91E-08,0.999999583,4.31E-08,1.67E-08,8.16E-08,1.32E-07,1.04E-07,25,2:Colorectum,2:Colorectum,,0.866
NOM:,1,1,1,7.15E-04,0.620807739,0.373464575,0.005012503,7.38E-09,1.69E-09,2.78E-09,26,2:Colorectum,2:Colorectum,,0.515
NOM:,1,1,1,8.51E-10,0.999999988,7.09E-10,1.61E-09,5.64E-09,1.88E-09,1.09E-09,27,2:Colorectum,3:Upper GI,+,0.919
NOM:,1,1,1,0.004602799,0.915397288,0.075066079,0.004932427,1.40E-06,2.65E-09,3.53E-10,28,2:Colorectum,2:Colorectum,,0.689
NOM:,1,1,1,8.31E-05,0.999776639,1.29E-04,1.02E-05,1.00E-06,2.65E-08,4.11E-08,29,2:Colorectum,2:Colorectum,,1
NOM:,1,1,1,0.02637258,0.970991499,0.001105577,0.001505262,2.09E-05,4.10E-06,3.94E-08,30,2:Colorectum,2:Colorectum,,1
NOM:,1,0,1,0.729463161,0.268388983,6.43E-04,2.95E-04,0.001209247,3.88E-07,1.88E-09,31,2:Colorectum,2:Colorectum,,0.916
NOM:,1,1,1,0.273783214,0.701284032,0.024591605,3.40E-04,3.10E-07,2.77E-07,2.66E-07,32,2:Colorectum,2:Colorectum,,0.799
NOM:,1,1,1,0.068018687,0.922605259,2.61E-04,0.006660324,1.33E-04,1.42E-05,0.002307523,33,2:Colorectum,3:Upper GI,+,0.878
NOM:,1,2,1,9.14E-04,0.177836261,0.795881669,0.025360919,7.06E-06,3.35E-08,1.61E-08,34,2:Colorectum,3:Upper GI,+,0.879
NOM:,1,1,1,0.003104277,0.962201186,5.43E-06,4.78E-05,0.031805096,0.001729173,0.001107035,35,2:Colorectum,2:Colorectum,,0.972
NOM:,1,1,1,0.009656092,0.557704199,0.403238148,0.029322217,6.74E-07,7.71E-05,1.54E-06,36,2:Colorectum,1:Breast,+,0.587
NOM:,1,1,1,0.024404949,0.97478015,3.61E-04,2.87E-04,1.67E-04,3.02E-07,1.21E-09,37,2:Colorectum,2:Colorectum,,0.655
NOM:,1,1,1,0.053201543,0.900826588,0.04417897,0.001596779,1.96E-04,9.54E-08,1.19E-09,38,2:Colorectum,2:Colorectum,,0.995
NOM:,1,2,1,5.13E-05,0.345562376,0.653754923,6.31E-04,5.86E-07,2.85E-09,1.12E-07,39,2:Colorectum,2:Colorectum,,0.769
NOM:,0,0,1,0.993182313,0.006786516,1.46E-05,1.53E-05,1.18E-06,1.34E-08,8.11E-11,40,2:Colorectum,2:Colorectum,,0.748
NOM:,0,0,1,0.388505276,0.384457459,4.19E-06,3.47E-06,0.221838656,0.002491876,0.002699076,41,5:Lung,7:Pancreas,+,0.279
NOM:,0,4,1,8.84E-04,0.18343053,3.76E-07,2.82E-05,0.81560224,4.27E-05,1.24E-05,42,5:Lung,5:Lung,,0.765
NOM:,0,4,1,0.477006146,0.001762512,6.62E-04,0.005439572,0.512492939,0.001310761,0.00132595,43,5:Lung,5:Lung,,0.883
NOM:,0,0,1,0.958986137,0.038516752,0.001588488,8.18E-04,5.96E-06,8.29E-05,2.17E-06,44,5:Lung,5:Lung,,0.759
NOM:,0,0,1,0.971569247,0.027935019,1.30E-04,3.40E-04,1.91E-05,6.55E-06,3.11E-08,45,5:Lung,5:Lung,,0.991
NOM:,0,0,1,0.597783431,0.298169662,0.053121684,0.049490748,0.001400202,3.35E-05,7.91E-07,46,5:Lung,5:Lung,,0.685
NOM:,5,0,1,0.355785371,0.258238253,5.14E-06,4.61E-07,0.209628336,0.153230238,0.023112201,47,4:Liver,5:Lung,+,0.424
NOM:,5,5,1,2.44E-08,1.71E-09,1.04E-08,2.33E-08,1.03E-06,0.999998903,6.81E-09,48,4:Liver,3:Upper GI,+,0.587
NOM:,5,5,1,3.29E-09,2.13E-10,5.44E-10,1.68E-09,1.81E-08,0.999999976,2.26E-10,49,4:Liver,2:Colorectum,+,0.529
NOM:,5,5,1,7.60E-06,1.67E-05,2.92E-05,5.82E-06,5.62E-06,0.999918424,1.66E-05,50,4:Liver,4:Liver,,0.723
NOM:,5,5,1,6.35E-10,3.15E-11,3.06E-11,1.36E-10,2.49E-09,0.999999997,4.65E-11,51,1:Breast,1:Breast,,0.762
NOM:,5,5,1,1.97E-05,8.79E-07,1.40E-06,5.92E-06,2.04E-06,0.999966822,3.21E-06,52,1:Breast,5:Lung,+,0.848
NOM:,6,6,1,1.09E-07,1.91E-06,2.81E-08,1.57E-07,2.03E-08,3.69E-08,0.999997742,53,1:Breast,1:Breast,,0.681
NOM:,6,6,1,1.53E-07,4.29E-08,4.11E-09,5.33E-09,1.41E-08,4.21E-09,0.999999776,54,1:Breast,1:Breast,,0.906
NOM:,6,6,1,0.007570955,8.06E-04,2.49E-05,4.74E-05,5.39E-05,0.001762017,0.989734629,55,1:Breast,2:Colorectum,+,0.589
NOM:,6,6,1,6.73E-07,1.61E-05,8.09E-07,8.01E-05,9.94E-08,2.36E-06,0.999899857,56,1:Breast,5:Lung,+,0.706
NOM:,6,6,1,2.49E-04,0.455487941,2.43E-06,2.35E-06,0.077419533,1.51E-04,0.466687924,57,1:Breast,1:Breast,,0.95
NOM:,6,2,1,8.75E-04,0.42097794,0.542685922,0.023743407,0.006645474,1.62E-05,0.005055671,58,6:Ovary,6:Ovary,,1
NOM:,3,3,1,2.96E-06,0.00629942,0.082088193,0.905708632,0.00104188,7.14E-06,0.004851769,59,6:Ovary,6:Ovary,,1
NOM:,3,2,1,0.005770664,0.029613656,0.624813242,0.278184119,0.060895099,4.71E-06,7.19E-04,60,6:Ovary,7:Pancreas,+,0.372
NOM:,3,1,1,0.017304776,0.491805094,0.480723175,0.010165318,9.63E-08,1.19E-06,3.52E-07,61,6:Ovary,6:Ovary,,1
NOM:,3,3,1,2.64E-04,0.071139835,0.424228601,0.5043522,1.06E-05,1.28E-06,3.89E-06,62,6:Ovary,6:Ovary,,1
NOM:,3,2,1,2.13E-06,0.17575745,0.786597453,0.037642762,1.12E-07,5.21E-08,3.82E-08,63,6:Ovary,6:Ovary,,1
NOM:,4,4,1,9.60E-05,0.022418771,1.04E-08,8.13E-07,0.977484266,8.69E-08,2.91E-08,1,3:'Upper GI',3:Upper GI,,0.917
NOM:,4,4,1,4.36E-04,8.05E-04,0.003919953,0.007395365,0.987440182,8.64E-07,2.52E-06,2,3:'Upper GI',2:Colorectum,+,0.767
NOM:,4,4,1,1.43E-05,0.024611436,2.13E-08,1.12E-06,0.97537312,3.10E-09,9.48E-09,3,3:'Upper GI',2:Colorectum,+,0.989
NOM:,4,0,1,0.468223492,0.244256507,8.56E-05,6.86E-04,0.286134911,5.84E-04,3.03E-05,4,3:'Upper GI',3:Upper GI,,0.498
NOM:,4,4,1,0.364736514,1.41E-05,8.76E-07,1.63E-05,0.635210556,2.16E-05,8.52E-08,5,3:'Upper GI',3:Upper GI,,0.939
NOM:,4,4,1,0.453302773,0.066770532,0.003026112,2.12E-04,0.476680099,4.48E-06,3.79E-06,6,3:'Upper GI',3:Upper GI,,0.989
NOM:,2,2,1,3.28E-07,0.042908777,0.871384242,0.085706496,4.27E-08,1.00E-08,1.04E-07,7,3:'Upper GI',7:Pancreas,+,0.865
NOM:,2,2,1,2.85E-05,0.033636791,0.954886295,0.011448364,2.44E-09,1.12E-09,7.65E-10,8,3:'Upper GI',3:Upper GI,,0.629
NOM:,2,2,1,0.006074704,0.312966659,0.642028405,0.038908792,1.54E-05,1.57E-07,5.89E-06,9,7:Pancreas,7:Pancreas,,0.882
NOM:,2,2,1,9.54E-09,0.007815171,0.99156432,6.20E-04,1.46E-08,2.47E-11,1.24E-10,10,7:Pancreas,7:Pancreas,,1
NOM:,2,2,1,5.78E-05,0.338553396,0.367191618,0.29419697,5.18E-08,3.21E-08,1.29E-07,11,7:Pancreas,7:Pancreas,,0.998
NOM:,2,2,1,1.85E-08,0.033974265,0.964842387,0.001183298,2.56E-09,4.23E-09,2.47E-08,12,7:Pancreas,7:Pancreas,,0.901
NOM:,2,2,1,1.19E-04,0.012711355,0.973071587,0.014096966,7.45E-07,1.27E-08,5.74E-07,13,7:Pancreas,2:Colorectum,+,0.52
NOM:,2,2,1,0.00104942,0.081035536,0.915023339,0.002891675,4.82E-09,6.16E-09,1.92E-08,14,7:Pancreas,7:Pancreas,,0.48
NOM:,1,1,1,0.20947866,0.754290572,0.034715972,0.001514473,2.28E-07,4.84E-08,4.69E-08,15,7:Pancreas,7:Pancreas,,0.781
NOM:,1,1,1,0.047040009,0.676608695,0.132813047,0.143238577,6.13E-06,3.94E-05,2.54E-04,16,2:Colorectum,2:Colorectum,,0.854
NOM:,1,1,1,0.020268081,0.97502837,0.004306783,3.26E-04,5.62E-05,1.46E-05,2.05E-07,17,2:Colorectum,2:Colorectum,,0.84
NOM:,1,1,1,0.001276449,0.996803624,6.57E-04,2.19E-05,0.001239042,1.16E-07,1.48E-06,18,2:Colorectum,2:Colorectum,,0.506
NOM:,1,1,1,7.13E-05,0.999822288,2.78E-05,5.71E-05,2.15E-05,3.19E-08,1.54E-08,19,2:Colorectum,2:Colorectum,,0.564
NOM:,1,1,1,0.043141246,0.879387539,3.49E-06,5.43E-06,0.014527477,0.001469851,0.061464974,20,2:Colorectum,2:Colorectum,,1
NOM:,1,1,1,4.87E-06,0.999631462,1.90E-04,6.12E-05,1.11E-04,1.80E-07,1.41E-06,21,2:Colorectum,2:Colorectum,,1
NOM:,1,1,1,0.002624141,0.634362394,2.38E-04,6.55E-04,0.028607758,0.002027746,0.331484962,22,2:Colorectum,2:Colorectum,,0.487
NOM:,1,2,1,1.37E-04,0.044416458,0.920183278,0.035261574,1.32E-07,2.56E-08,1.87E-06,23,2:Colorectum,2:Colorectum,,1
NOM:,1,4,1,0.001485764,0.429589191,2.41E-05,7.06E-05,0.456880462,8.82E-04,0.111068281,24,2:Colorectum,2:Colorectum,,0.759
NOM:,1,1,1,7.63E-08,0.999999555,4.11E-08,4.12E-08,1.37E-07,4.60E-08,1.03E-07,25,2:Colorectum,2:Colorectum,,0.669
NOM:,1,1,1,1.32E-05,0.7054685,0.177627896,0.097775729,1.50E-04,2.28E-07,0.018964438,26,2:Colorectum,2:Colorectum,,0.471
NOM:,1,1,1,1.13E-06,0.999987154,1.52E-06,1.67E-07,1.61E-06,2.16E-06,6.26E-06,27,2:Colorectum,2:Colorectum,,0.581
NOM:,1,1,1,8.72E-04,0.786183464,0.00103358,5.20E-04,0.114138594,5.78E-05,0.097194482,28,2:Colorectum,2:Colorectum,,0.842
NOM:,1,1,1,0.004407731,0.993193643,4.75E-04,0.001744012,1.04E-05,2.30E-07,1.69E-04,29,2:Colorectum,2:Colorectum,,1
NOM:,1,1,1,1.05E-07,0.999995434,2.67E-07,1.66E-08,3.72E-06,4.87E-08,4.12E-07,30,2:Colorectum,2:Colorectum,,0.82
NOM:,1,2,1,3.01E-05,0.356457937,0.444272681,0.199216554,1.11E-06,1.56E-06,2.01E-05,31,2:Colorectum,2:Colorectum,,0.465
NOM:,1,1,1,0.008598391,0.474198886,2.63E-05,1.48E-04,0.310042118,0.155167316,0.051818614,32,2:Colorectum,2:Colorectum,,0.964
NOM:,1,2,1,7.58E-06,0.019604932,0.968974768,0.011412718,5.70E-09,1.80E-11,5.47E-10,33,2:Colorectum,2:Colorectum,,0.705
NOM:,1,1,1,0.234997782,0.761160673,0.002251986,0.001250462,3.38E-04,1.80E-07,4.62E-07,34,2:Colorectum,2:Colorectum,,1
NOM:,1,1,1,3.54E-07,0.999995715,5.70E-08,4.77E-08,3.30E-06,4.04E-07,1.19E-07,35,2:Colorectum,3:Upper GI,+,0.948
NOM:,1,1,1,2.56E-05,0.996963157,5.89E-08,5.98E-07,4.63E-04,1.99E-05,0.002528057,36,2:Colorectum,3:Upper GI,+,0.516
NOM:,1,1,1,0.047079911,0.717927593,0.233788364,0.001204119,4.62E-09,6.25E-09,1.63E-09,37,2:Colorectum,3:Upper GI,+,0.499
NOM:,1,1,1,4.25E-04,0.447664806,0.350200297,0.201709935,8.13E-08,3.15E-10,2.62E-08,38,2:Colorectum,2:Colorectum,,1
NOM:,1,1,1,4.26E-09,0.999999941,8.30E-09,4.09E-09,2.07E-08,6.22E-09,1.57E-08,39,2:Colorectum,2:Colorectum,,0.935
NOM:,0,4,1,0.002052644,6.58E-04,8.79E-05,2.08E-05,0.997086834,6.62E-06,8.73E-05,40,2:Colorectum,2:Colorectum,,1
NOM:,0,0,1,0.981200174,0.018643999,2.61E-05,1.29E-04,1.10E-06,1.75E-08,2.68E-10,41,5:Lung,5:Lung,,0.969
NOM:,0,0,1,0.980527748,0.018368172,9.67E-04,9.76E-05,3.64E-05,2.68E-06,3.05E-08,42,5:Lung,1:Breast,+,0.802
NOM:,0,0,1,0.711476988,0.284906998,0.003294906,5.56E-05,2.57E-04,1.57E-07,8.20E-06,43,5:Lung,5:Lung,,0.821
NOM:,0,0,1,0.703350963,0.295994418,2.79E-05,1.37E-04,9.31E-05,3.96E-04,3.86E-07,44,5:Lung,5:Lung,,0.427
NOM:,0,4,1,0.42401004,0.030072466,4.41E-04,1.02E-04,0.54272436,0.002441672,2.08E-04,45,5:Lung,1:Breast,+,0.694
NOM:,0,0,1,0.952462646,0.045967737,0.001530353,2.37E-05,8.74E-06,6.82E-06,4.59E-08,46,5:Lung,5:Lung,,0.787
NOM:,5,5,1,8.34E-05,2.57E-07,6.68E-06,6.84E-06,1.80E-04,0.999722361,1.98E-07,47,4:Liver,3:Upper GI,+,0.641
NOM:,5,5,1,0.341253258,1.73E-04,6.87E-04,0.001367456,3.37E-04,0.656061482,1.21E-04,48,4:Liver,4:Liver,,0.596
NOM:,5,5,1,1.60E-05,1.01E-06,8.41E-07,1.00E-04,1.93E-05,0.999861139,1.65E-06,49,4:Liver,2:Colorectum,+,0.882
NOM:,5,5,1,5.99E-07,1.88E-08,2.70E-08,3.60E-08,3.05E-08,0.99999928,9.11E-09,50,4:Liver,7:Pancreas,+,0.366
NOM:,5,5,1,2.13E-07,3.61E-08,4.73E-08,5.50E-08,2.24E-07,0.999999145,2.80E-07,51,1:Breast,1:Breast,,0.628
NOM:,5,5,1,4.78E-07,1.37E-08,8.49E-09,7.59E-08,5.67E-07,0.999998792,6.48E-08,52,1:Breast,1:Breast,,0.547
NOM:,6,6,1,0.003291755,0.049012861,2.02E-05,3.30E-05,1.24E-04,1.22E-05,0.947505712,53,1:Breast,1:Breast,,0.978
NOM:,6,6,1,2.16E-08,1.09E-06,3.18E-08,9.42E-08,4.73E-09,7.57E-10,0.999998753,54,1:Breast,1:Breast,,0.794
NOM:,6,6,1,4.07E-07,2.84E-05,1.86E-06,1.61E-06,1.32E-06,1.72E-07,0.999966181,55,1:Breast,1:Breast,,0.756
NOM:,6,6,1,2.09E-08,7.27E-08,5.46E-10,6.17E-10,3.84E-10,4.80E-09,0.9999999,56,1:Breast,2:Colorectum,+,0.55
NOM:,6,6,1,4.08E-04,0.064742067,8.15E-04,3.86E-04,3.94E-04,1.13E-06,0.933253293,57,1:Breast,5:Lung,+,0.517
NOM:,6,6,1,1.20E-07,1.89E-04,1.29E-06,2.78E-06,7.56E-08,1.72E-08,0.999806869,58,6:Ovary,5:Lung,+,0.822
NOM:,3,2,1,0.00135458,0.158724738,0.459562226,0.373513771,2.17E-06,8.05E-06,0.006834467,59,6:Ovary,6:Ovary,,1
NOM:,3,3,1,7.15E-06,0.012076841,0.440184955,0.547730292,2.73E-07,4.20E-07,7.34E-08,60,6:Ovary,6:Ovary,,1
NOM:,3,2,1,1.56E-04,0.011108875,0.931145251,0.057589197,4.65E-07,1.89E-07,2.33E-07,61,6:Ovary,6:Ovary,,1
NOM:,3,4,1,0.027860137,0.063124815,5.60E-04,0.055157673,0.544444656,0.004082284,0.30477019,62,6:Ovary,6:Ovary,,1
NOM:,3,3,1,2.32E-04,0.094698605,0.268383147,0.63668575,4.04E-08,8.05E-09,9.25E-07,63,6:Ovary,1:Breast,+,0.668
NOM:,4,4,1,0.002817623,0.117900006,3.23E-04,2.17E-04,0.869819885,9.09E-05,0.008831956,1,3:'Upper GI',1:Breast,+,0.662
NOM:,4,4,1,5.91E-04,7.28E-06,0.038156948,1.93E-05,0.961223718,1.17E-06,2.86E-07,2,3:'Upper GI',3:Upper GI,,0.501
NOM:,4,1,1,0.003733737,0.648444802,1.96E-04,6.49E-05,0.339517747,0.00428808,0.003754648,3,3:'Upper GI',3:Upper GI,,0.677
NOM:,4,4,1,0.001303934,0.022427318,4.85E-04,7.07E-05,0.893512001,1.20E-04,0.082080277,4,3:'Upper GI',3:Upper GI,,0.927
NOM:,4,1,1,0.002193784,0.940896819,1.67E-04,3.12E-05,0.031301891,0.003491843,0.021917214,5,3:'Upper GI',5:Lung,+,0.545
NOM:,4,1,1,4.98E-05,0.63627413,2.42E-04,0.00439667,0.359015674,1.71E-05,4.44E-06,6,3:'Upper GI',3:Upper GI,,0.861
NOM:,2,2,1,5.47E-04,0.047893706,0.950942772,6.16E-04,5.68E-08,1.60E-10,2.87E-09,7,3:'Upper GI',3:Upper GI,,0.409
NOM:,2,2,1,3.76E-07,0.025951268,0.968299193,0.005749157,4.09E-09,1.57E-09,7.16E-10,8,3:'Upper GI',3:Upper GI,,0.937
NOM:,2,2,1,3.60E-05,0.093530435,0.903027117,0.003406488,2.29E-09,1.94E-09,1.17E-10,9,7:Pancreas,7:Pancreas,,1
NOM:,2,2,1,4.05E-08,0.00804777,0.990749917,0.001202272,3.81E-12,3.19E-12,2.52E-11,10,7:Pancreas,7:Pancreas,,1
NOM:,2,1,1,0.10003845,0.625239578,0.228032335,0.031791985,0.014124872,6.67E-07,7.72E-04,11,7:Pancreas,7:Pancreas,,1
NOM:,2,2,1,1.74E-08,0.020591176,0.979123995,2.85E-04,1.94E-10,7.34E-12,6.96E-11,12,7:Pancreas,7:Pancreas,,0.929
NOM:,2,2,1,0.00243907,0.317756866,0.507611904,0.171517406,4.82E-04,1.49E-04,4.30E-05,13,7:Pancreas,7:Pancreas,,0.999
NOM:,2,2,1,3.60E-05,0.398551398,0.503298747,0.09810599,2.46E-06,3.31E-07,5.06E-06,14,7:Pancreas,7:Pancreas,,0.948
NOM:,1,2,1,2.62E-08,0.003067307,0.996735634,1.97E-04,2.06E-11,7.76E-12,1.15E-10,15,7:Pancreas,7:Pancreas,,1
NOM:,1,2,1,2.53E-07,0.028839744,0.958857987,0.012301866,7.86E-10,1.76E-10,1.50E-07,16,2:Colorectum,2:Colorectum,,1
NOM:,1,0,1,0.829322007,0.168044691,1.94E-04,3.27E-05,0.002406124,7.06E-08,3.09E-09,17,2:Colorectum,2:Colorectum,,0.531
NOM:,1,1,1,0.009486109,0.988914754,8.24E-04,5.34E-04,2.39E-04,1.30E-06,1.50E-07,18,2:Colorectum,2:Colorectum,,1
NOM:,1,1,1,1.35E-05,0.999142905,3.16E-04,5.11E-04,6.42E-06,1.10E-06,8.77E-06,19,2:Colorectum,2:Colorectum,,0.977
NOM:,1,1,1,0.269519172,0.65557787,0.072854255,0.002047675,3.74E-07,8.26E-08,5.72E-07,20,2:Colorectum,2:Colorectum,,1
NOM:,1,1,1,0.065336153,0.864942895,1.16E-06,1.24E-05,0.049965583,8.94E-05,0.01965237,21,2:Colorectum,2:Colorectum,,0.847
NOM:,1,1,1,3.31E-05,0.988891404,0.009840152,0.001229676,7.02E-07,2.43E-06,2.53E-06,22,2:Colorectum,2:Colorectum,,0.586
NOM:,1,2,1,1.06E-04,0.144333324,0.854989437,5.71E-04,2.80E-09,7.11E-10,3.09E-10,23,2:Colorectum,3:Upper GI,+,0.849
NOM:,1,0,1,0.559711171,0.440003034,3.91E-05,2.18E-04,2.88E-05,7.58E-08,1.49E-08,24,2:Colorectum,2:Colorectum,,1
NOM:,1,1,1,1.50E-05,0.707944137,0.288732549,0.003228656,7.78E-05,1.06E-07,1.71E-06,25,2:Colorectum,2:Colorectum,,0.892
NOM:,1,1,1,0.01558575,0.847078761,1.17E-05,8.16E-06,0.124699216,0.001763901,0.01085252,26,2:Colorectum,2:Colorectum,,1
NOM:,1,1,1,3.43E-05,0.9790606,2.91E-04,0.006238191,3.64E-05,2.88E-06,0.014336687,27,2:Colorectum,3:Upper GI,+,0.974
NOM:,1,2,1,0.002667928,0.434176555,0.554260595,0.008814039,3.96E-06,3.09E-08,7.69E-05,28,2:Colorectum,2:Colorectum,,1
NOM:,1,1,1,0.002560259,0.975757922,0.016404126,0.005043955,9.86E-05,1.35E-04,1.14E-07,29,2:Colorectum,2:Colorectum,,0.49
NOM:,1,1,1,0.062974186,0.916499555,1.21E-04,3.56E-05,0.02026222,2.50E-05,8.22E-05,30,2:Colorectum,2:Colorectum,,1
NOM:,1,1,1,2.20E-05,0.996983315,0.001609619,0.001223932,1.60E-04,2.60E-07,4.67E-07,31,2:Colorectum,5:Lung,+,0.901
NOM:,1,1,1,0.029000371,0.963973709,4.03E-07,1.50E-04,0.006202998,1.33E-04,5.40E-04,32,2:Colorectum,2:Colorectum,,1
NOM:,1,2,1,4.69E-07,0.007328794,0.989183076,0.003487644,4.10E-09,4.00E-10,1.25E-08,33,2:Colorectum,1:Breast,+,0.871
NOM:,1,1,1,1.18E-05,0.999916781,6.73E-06,3.69E-07,6.28E-05,4.22E-08,1.47E-06,34,2:Colorectum,2:Colorectum,,0.743
NOM:,1,1,1,0.056086844,0.858425134,0.01643323,0.069012788,4.17E-05,3.39E-07,4.10E-09,35,2:Colorectum,2:Colorectum,,0.82
NOM:,1,2,1,5.75E-06,0.064276463,0.935510145,2.08E-04,2.60E-08,1.48E-09,1.95E-09,36,2:Colorectum,2:Colorectum,,0.616
NOM:,1,2,1,1.56E-06,0.225550027,0.774130493,3.18E-04,6.41E-08,2.39E-08,8.60E-08,37,2:Colorectum,2:Colorectum,,1
NOM:,1,1,1,0.021714585,0.962743741,7.34E-07,4.24E-05,0.015254313,4.04E-05,2.04E-04,38,2:Colorectum,2:Colorectum,,1
NOM:,1,1,1,0.006495684,0.825570045,0.165738471,0.001522975,6.31E-04,1.18E-06,4.05E-05,39,2:Colorectum,2:Colorectum,,0.871
NOM:,0,4,1,0.030800952,0.214242244,8.43E-04,0.096830668,0.628376928,5.69E-05,0.028849136,40,2:Colorectum,1:Breast,+,0.861
NOM:,0,0,1,0.556332697,0.00434196,1.46E-04,0.001036057,0.438043348,9.90E-05,1.10E-06,41,5:Lung,5:Lung,,0.918
NOM:,0,0,1,0.641473332,0.005834012,0.168856305,0.019400182,0.163537005,5.61E-04,3.38E-04,42,5:Lung,2:Colorectum,+,0.499
NOM:,0,1,1,0.207062952,0.615716286,0.173665549,0.003554941,1.84E-07,3.80E-08,5.00E-08,43,5:Lung,1:Breast,+,0.799
NOM:,0,0,1,0.97002794,0.029633403,2.59E-04,7.89E-05,1.52E-07,1.16E-07,4.55E-11,44,5:Lung,5:Lung,,0.925
NOM:,0,0,1,0.682553527,0.317201718,6.91E-05,1.75E-04,6.27E-07,5.64E-09,1.41E-09,45,5:Lung,5:Lung,,0.844
NOM:,0,0,1,0.986905565,0.012871838,1.12E-04,8.37E-06,8.28E-05,1.91E-05,6.28E-09,46,5:Lung,5:Lung,,0.893
NOM:,5,5,1,0.003129622,0.004815103,2.74E-06,3.57E-06,0.461467623,0.525808725,0.004772614,47,4:Liver,5:Lung,+,0.47
NOM:,5,4,1,0.019212451,0.037040202,2.76E-05,9.30E-06,0.846137744,0.012219914,0.08535282,48,4:Liver,3:Upper GI,+,0.774
NOM:,5,5,1,4.23E-07,1.83E-07,2.11E-07,4.25E-07,4.84E-07,0.999990148,8.13E-06,49,4:Liver,3:Upper GI,+,0.552
NOM:,5,5,1,9.57E-10,2.51E-10,5.84E-10,6.42E-10,4.21E-10,0.999999997,3.31E-10,50,4:Liver,2:Colorectum,+,0.907
NOM:,5,5,1,2.54E-07,1.79E-07,1.80E-07,2.08E-07,3.72E-07,0.999998637,1.71E-07,51,1:Breast,1:Breast,,0.915
NOM:,6,6,1,7.42E-07,3.48E-06,4.94E-08,4.10E-07,2.67E-07,8.60E-09,0.999995044,52,1:Breast,1:Breast,,0.766
NOM:,6,6,1,0.026748293,0.343655001,0.126374352,0.047731481,0.008551786,0.00253961,0.444399477,53,1:Breast,1:Breast,,0.865
NOM:,6,6,1,9.62E-05,3.82E-04,2.03E-06,2.35E-04,3.15E-05,4.31E-06,0.999249563,54,1:Breast,5:Lung,+,0.774
NOM:,6,4,1,0.002908409,0.037843473,2.93E-04,8.22E-06,0.649912199,2.32E-04,0.30880208,55,1:Breast,1:Breast,,0.891
NOM:,6,4,1,0.039695379,0.137208398,8.97E-06,1.81E-05,0.779707418,0.00502651,0.038335237,56,1:Breast,5:Lung,+,0.853
NOM:,6,1,1,0.001468192,0.549744158,2.39E-04,0.007896958,7.75E-05,5.57E-06,0.440568768,57,1:Breast,5:Lung,+,0.641
NOM:,6,6,1,4.84E-07,1.73E-06,3.22E-08,4.59E-07,3.59E-08,3.37E-08,0.999997223,58,6:Ovary,6:Ovary,,1
NOM:,3,3,1,5.26E-06,0.006676327,0.018471307,0.974725558,7.00E-07,7.28E-08,1.21E-04,59,6:Ovary,6:Ovary,,1
NOM:,3,3,1,7.16E-05,0.047063387,0.177584677,0.775279535,4.65E-07,2.55E-07,1.07E-07,60,6:Ovary,6:Ovary,,1
NOM:,3,1,1,0.021764929,0.851974091,0.008896732,0.11479836,0.002059304,2.87E-04,2.19E-04,61,6:Ovary,6:Ovary,,1
NOM:,3,2,1,3.66E-06,0.031237423,0.814480281,0.154278586,6.88E-09,1.24E-08,2.80E-08,62,6:Ovary,6:Ovary,,1
NOM:,4,4,1,0.19128588,3.50E-04,9.38E-05,1.01E-05,0.808229805,2.91E-05,1.38E-06,63,1:?,2:Colorectum,,0.406
NOM:,4,4,1,0.006261984,0.473115797,2.32E-05,4.41E-05,0.513738015,6.09E-04,0.006207671,1,3:'Upper GI',3:Upper GI,,0.848
NOM:,4,4,1,1.28E-04,0.218603899,3.82E-08,0.013502284,0.767765652,9.08E-09,1.90E-07,2,3:'Upper GI',3:Upper GI,,0.984
NOM:,4,4,1,0.002110963,5.53E-05,0.001173488,3.09E-04,0.996345814,4.02E-06,1.43E-06,3,3:'Upper GI',3:Upper GI,,0.725
NOM:,4,4,1,5.07E-04,0.013663675,6.39E-04,1.02E-05,0.860511655,0.001908519,0.122759986,4,3:'Upper GI',3:Upper GI,,0.708
NOM:,4,4,1,0.006318682,0.006343376,0.019380192,0.005485441,0.962443503,2.62E-05,2.62E-06,5,3:'Upper GI',3:Upper GI,,0.452
NOM:,2,2,1,1.57E-04,0.162109061,0.759747553,0.07797769,6.94E-07,2.21E-07,8.17E-06,6,3:'Upper GI',3:Upper GI,,0.987
NOM:,2,2,1,2.54E-04,0.109957647,0.878951717,0.010836531,3.47E-08,9.12E-11,3.52E-08,7,3:'Upper GI',3:Upper GI,,0.974
NOM:,2,4,1,0.003290591,0.002700591,0.002111106,0.004530616,0.987366747,1.53E-07,1.97E-07,8,3:'Upper GI',3:Upper GI,,0.87
NOM:,2,2,1,2.98E-08,0.015685766,0.984291957,2.22E-05,2.03E-10,3.47E-11,5.56E-11,9,7:Pancreas,7:Pancreas,,1
NOM:,2,2,1,1.21E-06,0.052058032,0.946303806,0.001636956,6.04E-11,4.06E-11,1.08E-10,10,7:Pancreas,7:Pancreas,,0.872
NOM:,2,2,1,5.57E-05,0.246062364,0.742624501,0.011257349,4.47E-08,2.41E-10,2.27E-08,11,7:Pancreas,7:Pancreas,,1
NOM:,2,2,1,7.11E-07,0.019050342,0.883664207,0.097283216,3.94E-07,1.46E-07,9.85E-07,12,7:Pancreas,7:Pancreas,,1
NOM:,2,1,1,4.66E-04,0.999362905,1.04E-04,6.29E-05,3.61E-06,9.18E-09,7.82E-08,13,7:Pancreas,5:Lung,+,0.928
NOM:,1,1,1,7.56E-04,0.650347616,0.007352754,0.003569706,0.33782045,7.27E-06,1.47E-04,14,7:Pancreas,7:Pancreas,,0.89
NOM:,1,1,1,5.70E-04,0.999358508,2.31E-05,7.72E-06,3.99E-05,1.85E-07,5.94E-07,15,2:Colorectum,2:Colorectum,,1
NOM:,1,1,1,5.81E-04,0.982538878,0.00375349,0.013007412,1.19E-04,1.20E-07,1.89E-07,16,2:Colorectum,3:Upper GI,+,0.687
NOM:,1,1,1,0.011695096,0.985029296,1.64E-05,2.36E-04,0.002560633,1.19E-04,3.43E-04,17,2:Colorectum,2:Colorectum,,0.711
NOM:,1,4,1,5.92E-04,0.206575531,9.02E-07,0.018390658,0.774440536,5.89E-08,1.31E-07,18,2:Colorectum,2:Colorectum,,0.938
NOM:,1,1,1,1.09E-07,0.999991422,1.13E-06,4.67E-07,4.34E-07,1.14E-07,6.32E-06,19,2:Colorectum,2:Colorectum,,0.999
NOM:,1,1,1,1.45E-09,0.999999987,2.61E-10,3.74E-10,2.65E-09,6.66E-09,1.90E-09,20,2:Colorectum,2:Colorectum,,1
NOM:,1,1,1,4.62E-05,0.999168598,2.69E-05,1.41E-04,6.10E-04,7.52E-06,8.51E-08,21,2:Colorectum,2:Colorectum,,0.813
NOM:,1,1,1,1.63E-04,0.996628577,0.001824838,0.001173624,2.09E-04,4.60E-07,8.96E-08,22,2:Colorectum,2:Colorectum,,1
NOM:,1,1,1,0.004399347,0.963670593,4.60E-06,3.79E-05,8.59E-04,5.03E-04,0.030525143,23,2:Colorectum,2:Colorectum,,1
NOM:,1,2,1,1.14E-04,0.219658709,0.779918749,3.09E-04,5.87E-09,8.09E-10,2.57E-08,24,2:Colorectum,5:Lung,+,0.791
NOM:,1,0,1,0.549276943,0.441675219,0.00854905,4.44E-04,1.94E-05,2.96E-05,5.73E-06,25,2:Colorectum,7:Pancreas,+,0.571
NOM:,1,1,1,6.47E-05,0.999820414,2.72E-06,3.13E-06,9.08E-05,1.79E-06,1.64E-05,26,2:Colorectum,2:Colorectum,,1
NOM:,1,1,1,5.56E-05,0.570502703,0.051409528,0.368323094,8.98E-05,1.28E-05,0.009606383,27,2:Colorectum,3:Upper GI,+,0.663
NOM:,1,1,1,3.33E-04,0.869872612,0.127543877,0.002197709,5.25E-05,1.32E-08,6.22E-07,28,2:Colorectum,2:Colorectum,,1
NOM:,1,6,1,0.001663226,0.030195898,2.33E-04,0.006829953,6.39E-06,6.00E-05,0.961011892,29,2:Colorectum,2:Colorectum,,0.812
NOM:,1,1,1,0.055929608,0.941609475,5.75E-04,0.001882585,3.44E-06,7.15E-08,2.82E-09,30,2:Colorectum,2:Colorectum,,0.949
NOM:,1,1,1,6.36E-05,0.952291704,0.010887266,0.001434947,4.24E-05,5.69E-05,0.035223229,31,2:Colorectum,2:Colorectum,,0.999
NOM:,1,1,1,1.30E-09,0.999999924,4.33E-09,9.96E-09,5.36E-08,1.74E-09,5.50E-09,32,2:Colorectum,2:Colorectum,,0.817
NOM:,1,4,1,0.036130156,0.282044011,2.98E-05,3.47E-05,0.573197905,0.102682769,0.005880577,33,2:Colorectum,2:Colorectum,,0.771
NOM:,1,1,1,9.25E-06,0.999889959,1.83E-05,1.69E-05,6.56E-05,5.67E-09,1.98E-08,34,2:Colorectum,2:Colorectum,,0.943
NOM:,1,4,1,4.75E-04,0.031823542,0.001004503,9.30E-06,0.88743567,0.004033733,0.075218278,35,2:Colorectum,3:Upper GI,+,0.459
NOM:,1,1,1,0.162103048,0.835301946,0.001248805,0.001334788,9.57E-06,1.82E-06,2.28E-08,36,2:Colorectum,2:Colorectum,,0.563
NOM:,1,2,1,2.60E-05,0.130308316,0.868904321,7.61E-04,1.33E-10,3.15E-11,5.72E-10,37,2:Colorectum,2:Colorectum,,1
NOM:,1,4,1,0.128348625,0.20279531,3.55E-05,2.70E-06,0.595868262,0.028845668,0.044103924,38,2:Colorectum,2:Colorectum,,0.422
NOM:,0,1,1,0.440273715,0.54883356,0.009079063,0.001319901,4.91E-04,2.64E-06,3.07E-07,39,2:Colorectum,2:Colorectum,,1
NOM:,0,0,1,0.673122075,0.034742445,0.00879631,0.094105174,0.103180571,0.031425296,0.054628129,40,2:Colorectum,2:Colorectum,,0.585
NOM:,0,3,1,0.353351174,0.098587525,0.074502958,0.473473154,7.64E-05,6.64E-06,2.20E-06,41,5:Lung,5:Lung,,0.755
NOM:,0,0,1,0.613016002,0.386210038,3.83E-04,1.95E-04,1.96E-04,1.73E-07,1.59E-08,42,5:Lung,2:Colorectum,+,0.696
NOM:,0,1,1,0.09761088,0.765969333,0.004140294,0.005066588,0.019736064,0.10251676,0.004960081,43,5:Lung,5:Lung,,0.632
NOM:,0,4,1,0.074019345,3.03E-04,9.33E-05,0.001177005,0.924356831,3.70E-05,1.39E-05,44,5:Lung,5:Lung,,0.806
NOM:,0,0,1,0.983243567,0.016721272,1.59E-05,5.75E-06,1.12E-05,2.34E-06,1.54E-09,45,5:Lung,5:Lung,,0.815
NOM:,5,0,1,0.839072554,0.035192068,0.009994018,0.025960051,7.59E-04,0.087251974,0.001770775,46,5:Lung,5:Lung,,0.504
NOM:,5,5,1,1.20E-08,3.37E-09,4.26E-09,8.79E-08,1.54E-07,0.999999732,5.75E-09,47,4:Liver,2:Colorectum,+,0.842
NOM:,5,5,1,4.24E-08,5.27E-09,5.14E-09,5.89E-09,1.84E-08,0.999999911,1.19E-08,48,4:Liver,5:Lung,+,0.695
NOM:,5,1,1,0.171087811,0.398602593,1.43E-04,5.09E-05,0.066227431,0.335893209,0.02799508,49,4:Liver,4:Liver,,0.45
NOM:,5,5,1,3.19E-09,8.83E-10,7.41E-09,5.52E-09,1.16E-07,0.999999826,4.08E-08,50,4:Liver,3:Upper GI,+,0.472
NOM:,6,6,1,1.39E-06,1.84E-04,5.02E-05,6.36E-04,7.18E-06,2.08E-07,0.999120676,51,1:Breast,1:Breast,,0.399
NOM:,6,6,1,3.02E-08,6.78E-08,1.65E-09,1.76E-08,2.51E-09,2.12E-09,0.999999878,52,1:Breast,2:Colorectum,+,0.718
NOM:,6,6,1,7.00E-04,1.52E-04,7.49E-05,5.44E-05,1.21E-04,9.63E-05,0.9988013,53,1:Breast,1:Breast,,0.978
NOM:,6,6,1,0.001641891,3.99E-04,6.09E-05,4.92E-04,0.005310978,3.11E-04,0.99178413,54,1:Breast,1:Breast,,0.766
NOM:,6,6,1,8.79E-10,2.25E-08,2.55E-09,6.79E-09,1.53E-09,9.23E-11,0.999999966,55,1:Breast,1:Breast,,0.71
NOM:,6,6,1,0.001594921,0.035179401,7.41E-06,3.73E-05,5.61E-04,0.002157064,0.96046264,56,1:Breast,4:Liver,+,0.585
NOM:,6,6,1,7.12E-05,0.001336359,1.71E-04,0.007715619,8.09E-04,0.001008305,0.988888261,57,1:Breast,1:Breast,,0.671
NOM:,3,1,1,0.020317599,0.948316938,0.011975401,0.019376836,1.31E-05,1.40E-07,3.11E-08,58,6:Ovary,6:Ovary,,1
NOM:,3,0,1,0.634849978,0.098989003,0.001953044,0.249327683,0.014387907,4.92E-04,1.90E-07,59,6:Ovary,5:Lung,+,0.595
NOM:,3,2,1,4.31E-08,0.007818666,0.891517656,0.100663632,4.43E-10,6.24E-11,1.93E-09,60,6:Ovary,5:Lung,+,0.912
NOM:,3,3,1,0.002786537,0.149802609,0.016638435,0.829722326,0.00104039,9.24E-06,4.61E-07,61,6:Ovary,6:Ovary,,1
NOM:,4,4,1,0.174001779,5.36E-05,4.35E-04,8.04E-06,0.825499767,2.14E-06,1.35E-08,62,6:Ovary,6:Ovary,,1
NOM:,4,4,1,0.123100574,0.002346923,9.63E-06,1.48E-04,0.874077848,8.30E-05,2.34E-04,1,3:'Upper GI',3:Upper GI,,0.736
NOM:,4,4,1,0.007875311,9.88E-04,4.43E-04,5.26E-05,0.99064012,6.90E-07,9.81E-08,2,3:'Upper GI',3:Upper GI,,0.903
NOM:,4,4,1,0.055905182,4.81E-04,4.64E-05,0.004705869,0.938632852,2.09E-04,1.91E-05,3,3:'Upper GI',3:Upper GI,,0.622
NOM:,4,4,1,0.160113259,0.060242444,7.84E-04,5.17E-05,0.774136672,9.10E-04,0.003761707,4,3:'Upper GI',3:Upper GI,,0.921
NOM:,4,4,1,0.005199143,1.24E-05,4.33E-04,1.49E-04,0.994203734,1.44E-06,2.20E-06,5,3:'Upper GI',2:Colorectum,+,0.509
NOM:,2,1,1,3.72E-04,0.524597533,0.470858432,0.004169868,2.45E-06,1.74E-09,1.75E-08,6,3:'Upper GI',3:Upper GI,,0.604
NOM:,2,2,1,3.92E-07,0.020323164,0.973960614,0.005715829,5.07E-10,6.20E-11,1.00E-09,7,3:'Upper GI',3:Upper GI,,0.641
NOM:,2,2,1,1.17E-07,0.07090672,0.92902455,6.86E-05,3.78E-08,9.43E-12,6.15E-10,8,3:'Upper GI',3:Upper GI,,0.868
NOM:,2,3,1,6.07E-06,0.076121935,0.1512077,0.772599095,6.46E-05,4.50E-08,5.53E-07,9,7:Pancreas,7:Pancreas,,1
NOM:,2,4,1,0.005510555,1.20E-04,0.001614699,8.77E-05,0.992660576,4.61E-06,2.29E-06,10,7:Pancreas,7:Pancreas,,1
NOM:,2,2,1,1.51E-08,0.014607482,0.984791301,6.01E-04,8.66E-10,3.43E-10,6.41E-10,11,7:Pancreas,7:Pancreas,,1
NOM:,2,2,1,2.78E-08,0.112263811,0.699809931,0.187926204,1.95E-08,2.96E-10,6.96E-09,12,7:Pancreas,2:Colorectum,+,0.472
NOM:,2,2,1,1.52E-06,0.039828216,0.946471365,0.013698843,5.12E-08,4.06E-10,1.50E-09,13,7:Pancreas,7:Pancreas,,0.881
NOM:,1,1,1,5.30E-06,0.999976266,2.14E-08,9.71E-07,9.22E-06,1.75E-06,6.46E-06,14,7:Pancreas,1:Breast,+,0.458
NOM:,1,1,1,2.50E-09,0.999999993,7.37E-10,1.76E-10,1.31E-09,7.23E-10,1.38E-09,15,2:Colorectum,2:Colorectum,,0.677
NOM:,1,1,1,0.003142798,0.620238475,4.24E-04,3.51E-04,0.048804119,0.004954714,0.322084929,16,2:Colorectum,2:Colorectum,,0.99
NOM:,1,1,1,0.00388115,0.90234256,5.73E-05,2.38E-05,0.085233371,1.93E-04,0.008269291,17,2:Colorectum,7:Pancreas,+,0.864
NOM:,1,0,1,0.577435466,0.419222891,0.001547743,3.45E-04,0.001376047,7.23E-05,4.90E-07,18,2:Colorectum,2:Colorectum,,0.564
NOM:,1,1,1,2.54E-07,0.999935958,6.14E-07,5.00E-07,4.99E-07,1.15E-07,6.21E-05,19,2:Colorectum,2:Colorectum,,0.994
NOM:,1,1,1,0.012819556,0.974055202,0.010256797,0.00286605,2.32E-06,7.26E-08,7.95E-09,20,2:Colorectum,2:Colorectum,,0.935
NOM:,1,1,1,2.09E-07,0.999998052,1.35E-08,2.75E-08,9.63E-07,5.65E-07,1.70E-07,21,2:Colorectum,2:Colorectum,,0.854
NOM:,1,1,1,1.84E-07,0.999994869,7.05E-08,4.11E-07,7.32E-07,1.53E-07,3.58E-06,22,2:Colorectum,2:Colorectum,,0.573
NOM:,1,1,1,0.001089686,0.998295038,1.39E-04,1.19E-04,2.37E-04,7.74E-05,4.22E-05,23,2:Colorectum,3:Upper GI,+,0.746
NOM:,1,1,1,0.004495089,0.893804835,0.031912739,0.06953755,2.50E-04,3.48E-09,7.50E-08,24,2:Colorectum,2:Colorectum,,1
NOM:,1,1,1,6.16E-04,0.873118752,0.032647683,0.006824167,0.004286332,1.87E-04,0.082320241,25,2:Colorectum,2:Colorectum,,1
NOM:,1,1,1,0.013730034,0.980332772,0.005588994,7.01E-06,2.53E-04,1.60E-05,7.26E-05,26,2:Colorectum,1:Breast,+,0.526
NOM:,1,1,1,3.97E-05,0.998098074,9.85E-04,3.81E-04,4.95E-04,9.75E-08,2.43E-07,27,2:Colorectum,2:Colorectum,,0.844
NOM:,1,1,1,0.007700289,0.992201146,2.36E-05,1.01E-05,5.53E-05,9.06E-06,5.75E-07,28,2:Colorectum,2:Colorectum,,0.933
NOM:,1,1,1,6.85E-04,0.997622167,1.42E-05,4.98E-06,0.001063228,4.89E-06,6.06E-04,29,2:Colorectum,2:Colorectum,,0.776
NOM:,1,1,1,2.16E-04,0.997405568,4.10E-06,5.83E-05,3.46E-04,4.20E-06,0.001965121,30,2:Colorectum,2:Colorectum,,1
NOM:,1,1,1,2.43E-06,0.999962611,2.07E-05,1.64E-06,9.03E-06,4.94E-07,3.13E-06,31,2:Colorectum,3:Upper GI,+,0.946
NOM:,1,1,1,2.11E-04,0.930889037,0.010587303,0.058170336,1.41E-04,3.66E-07,7.36E-07,32,2:Colorectum,2:Colorectum,,1
NOM:,1,1,1,0.001225082,0.997997049,2.40E-04,2.30E-05,5.12E-04,2.44E-06,2.89E-07,33,2:Colorectum,2:Colorectum,,0.754
NOM:,1,2,1,2.14E-05,0.253660035,0.481521709,0.2647963,2.40E-07,5.01E-09,3.11E-07,34,2:Colorectum,2:Colorectum,,0.481
NOM:,1,1,1,2.07E-04,0.996915991,0.001436278,6.96E-04,7.45E-04,2.30E-08,7.73E-07,35,2:Colorectum,2:Colorectum,,0.775
NOM:,1,4,1,8.42E-04,0.2798959,8.54E-05,0.00729458,0.694133097,6.37E-05,0.017685307,36,2:Colorectum,2:Colorectum,,0.788
NOM:,1,1,1,4.61E-05,0.994806127,8.38E-04,0.002076223,0.001538443,5.27E-06,6.90E-04,37,2:Colorectum,2:Colorectum,,0.999
NOM:,1,1,1,0.001077909,0.863353132,0.133999299,0.001569641,1.05E-08,3.75E-09,3.99E-09,38,2:Colorectum,2:Colorectum,,0.589
NOM:,0,0,1,0.886753881,0.081446308,3.37E-05,2.42E-05,2.70E-04,0.03140685,6.50E-05,39,2:Colorectum,2:Colorectum,,0.546
NOM:,0,0,1,0.989454835,0.010182586,2.96E-04,1.98E-05,4.51E-05,1.90E-06,3.73E-08,40,2:Colorectum,2:Colorectum,,0.961
NOM:,0,0,1,0.839815962,0.15662285,0.002798954,6.90E-04,6.61E-05,5.75E-06,4.47E-07,41,5:Lung,5:Lung,,0.678
NOM:,0,1,1,0.053774851,0.691169902,2.71E-06,1.12E-06,0.206439683,0.047407754,0.00120398,42,5:Lung,5:Lung,,0.965
NOM:,0,0,1,0.97380791,0.024822643,5.59E-05,1.88E-05,0.001271594,2.31E-05,3.78E-08,43,5:Lung,2:Colorectum,+,0.586
NOM:,0,0,1,0.824186383,0.175453401,1.23E-04,2.12E-04,1.71E-05,8.74E-06,5.59E-08,44,5:Lung,5:Lung,,0.689
NOM:,0,0,1,0.890851671,0.108054012,1.03E-04,9.85E-04,5.32E-06,1.35E-06,5.27E-08,45,5:Lung,5:Lung,,0.746
NOM:,5,5,1,6.03E-06,5.79E-07,2.02E-06,1.40E-05,5.54E-06,0.999963275,8.56E-06,46,5:Lung,2:Colorectum,+,0.514
NOM:,5,5,1,2.93E-06,3.83E-07,5.37E-08,3.71E-07,1.72E-07,0.999993752,2.34E-06,47,4:Liver,3:Upper GI,+,0.631
NOM:,5,5,1,1.91E-07,1.34E-09,1.99E-08,2.15E-07,6.61E-07,0.999998909,2.48E-09,48,4:Liver,4:Liver,,0.312
NOM:,5,5,1,2.46E-05,3.41E-08,2.59E-07,8.09E-08,1.99E-06,0.999973032,3.99E-08,49,4:Liver,3:Upper GI,+,0.698
NOM:,5,5,1,2.15E-09,1.51E-11,1.73E-11,3.61E-11,1.08E-09,0.999999997,2.92E-11,50,4:Liver,4:Liver,,0.943
NOM:,6,6,1,1.09E-07,5.33E-08,7.13E-08,1.77E-06,8.28E-07,2.62E-08,0.999997138,51,1:Breast,1:Breast,,0.629
NOM:,6,6,1,7.00E-08,5.09E-07,2.44E-06,8.03E-06,2.38E-08,4.99E-08,0.999988877,52,1:Breast,1:Breast,,0.829
NOM:,6,6,1,8.17E-10,3.49E-07,1.13E-08,5.82E-09,6.93E-10,1.26E-09,0.999999631,53,1:Breast,2:Colorectum,+,0.381
NOM:,6,6,1,0.011359851,0.366863191,2.94E-04,3.12E-04,0.051067551,7.92E-04,0.569312061,54,1:Breast,1:Breast,,0.783
NOM:,6,4,1,5.28E-04,0.241723132,2.30E-05,8.88E-06,0.740418432,9.82E-04,0.016316587,55,1:Breast,1:Breast,,0.512
NOM:,6,6,1,4.13E-06,8.94E-07,6.90E-08,2.51E-07,1.26E-06,2.53E-06,0.99999087,56,1:Breast,1:Breast,,0.675
NOM:,6,6,1,1.02E-09,3.32E-08,1.55E-08,5.47E-08,1.41E-09,2.36E-11,0.999999894,57,1:Breast,2:Colorectum,+,0.557
NOM:,3,1,1,0.00108276,0.994241721,0.002036115,0.001990987,6.48E-04,5.48E-08,9.33E-09,58,6:Ovary,6:Ovary,,1
NOM:,3,2,1,0.001162206,0.471420601,0.492578529,0.034834297,3.23E-06,3.76E-07,7.60E-07,59,6:Ovary,6:Ovary,,1
NOM:,3,2,1,5.02E-06,0.060352276,0.836890015,0.102745162,5.75E-06,4.21E-09,1.77E-06,60,6:Ovary,2:Colorectum,+,0.332
NOM:,3,4,1,0.007370952,6.94E-04,2.03E-04,0.00323311,0.988478423,1.40E-05,6.81E-06,61,6:Ovary,1:Breast,+,0.56
NOM:,4,4,1,0.103300903,0.423536908,6.02E-08,1.13E-05,0.473099143,5.93E-06,4.58E-05,62,6:Ovary,6:Ovary,,1
NOM:,4,4,1,1.42E-06,0.002262275,1.67E-10,8.06E-06,0.997728241,7.56E-10,4.24E-10,1,3:'Upper GI',4:Liver,+,0.473
NOM:,4,1,1,0.376852704,0.418940026,0.00618452,0.026734813,0.010146452,0.073113409,0.088028077,2,3:'Upper GI',1:Breast,+,0.746
NOM:,4,4,1,0.001019361,0.002813101,2.98E-09,2.82E-06,0.996136463,2.74E-05,8.54E-07,3,3:'Upper GI',2:Colorectum,+,0.925
NOM:,4,4,1,2.36E-04,3.00E-06,0.005379359,7.11E-05,0.994310607,6.40E-09,6.38E-08,4,3:'Upper GI',3:Upper GI,,0.836
NOM:,4,4,1,0.009688564,1.03E-05,0.016878819,5.11E-05,0.973370602,2.33E-07,3.49E-07,5,3:'Upper GI',3:Upper GI,,0.966
NOM:,2,1,1,0.113603984,0.740625481,0.069634742,0.002173893,0.066826432,0.003387783,0.003747685,6,3:'Upper GI',3:Upper GI,,0.67
NOM:,2,2,1,1.16E-04,0.14707611,0.80756922,0.045238504,3.50E-09,3.32E-09,8.10E-08,7,3:'Upper GI',3:Upper GI,,0.95
NOM:,2,2,1,1.96E-05,7.40E-04,0.969416626,0.029822696,2.54E-07,4.57E-07,4.26E-07,8,3:'Upper GI',3:Upper GI,,0.824
NOM:,2,2,1,4.50E-07,0.006214709,0.98678871,0.006996127,3.18E-09,4.28E-10,5.35E-10,9,7:Pancreas,7:Pancreas,,0.878
NOM:,2,2,1,3.19E-06,0.094686689,0.777736179,0.12756078,5.09E-06,4.05E-07,7.67E-06,10,7:Pancreas,7:Pancreas,,1
NOM:,2,3,1,4.85E-04,0.333467828,0.210905457,0.44616343,0.003388942,2.41E-05,0.005565059,11,7:Pancreas,7:Pancreas,,0.911
NOM:,2,1,1,1.17E-04,0.522071916,0.38245862,0.005193165,0.051857737,4.30E-05,0.038258642,12,7:Pancreas,7:Pancreas,,1
NOM:,2,2,1,4.22E-07,0.090955903,0.900050282,0.00899339,6.03E-10,1.04E-09,1.04E-09,13,7:Pancreas,7:Pancreas,,1
NOM:,1,1,1,0.001811258,0.553887409,1.49E-07,1.20E-05,0.069076064,3.58E-05,0.375177352,14,7:Pancreas,7:Pancreas,,1
NOM:,1,2,1,6.84E-05,0.061870595,0.936175021,0.001885964,1.89E-09,2.30E-10,3.26E-09,15,2:Colorectum,2:Colorectum,,0.782
NOM:,1,4,1,5.08E-04,0.344950608,7.29E-06,0.114560256,0.539925659,1.42E-05,3.43E-05,16,2:Colorectum,5:Lung,+,0.986
NOM:,1,2,1,4.71E-07,0.020663098,0.975614696,0.003721733,1.48E-09,1.10E-11,2.35E-10,17,2:Colorectum,2:Colorectum,,0.948
NOM:,1,1,1,3.90E-04,0.996607914,1.25E-05,1.02E-04,0.001694951,3.62E-05,0.001156451,18,2:Colorectum,2:Colorectum,,0.967
NOM:,1,1,1,7.93E-08,0.999999866,9.71E-10,1.21E-09,3.08E-08,2.08E-09,1.96E-08,19,2:Colorectum,3:Upper GI,+,0.832
NOM:,1,1,1,0.001319689,0.989589427,2.72E-04,3.07E-05,0.008786381,8.69E-07,6.77E-07,20,2:Colorectum,2:Colorectum,,0.771
NOM:,1,1,1,6.57E-06,0.980184875,0.002460588,3.44E-05,0.017313135,2.00E-07,2.56E-07,21,2:Colorectum,2:Colorectum,,0.582
NOM:,1,4,1,5.49E-05,0.342648821,2.46E-07,3.14E-05,0.657229853,2.93E-05,5.41E-06,22,2:Colorectum,3:Upper GI,+,0.748
NOM:,1,2,1,6.54E-06,0.00930653,0.988121164,0.002565763,5.96E-09,3.46E-11,9.90E-10,23,2:Colorectum,2:Colorectum,,1
NOM:,1,2,1,7.53E-05,0.123330582,0.833496505,0.043097611,1.58E-08,2.37E-10,6.98E-09,24,2:Colorectum,2:Colorectum,,0.997
NOM:,1,4,1,0.010403037,0.318575583,3.79E-05,6.75E-06,0.660307414,0.00343366,0.007235621,25,2:Colorectum,2:Colorectum,,1
NOM:,1,1,1,0.003243154,0.975155997,0.017382379,7.57E-04,0.003446112,1.17E-07,1.55E-05,26,2:Colorectum,2:Colorectum,,0.982
NOM:,1,1,1,0.011254276,0.94030162,0.043515564,0.004923993,4.52E-06,1.29E-08,1.93E-08,27,2:Colorectum,2:Colorectum,,0.999
NOM:,1,1,1,0.004499869,0.982344676,2.44E-05,3.43E-06,0.013039058,5.53E-05,3.33E-05,28,2:Colorectum,2:Colorectum,,0.957
NOM:,1,1,1,1.91E-08,0.999999886,4.96E-10,5.36E-10,7.92E-09,7.09E-08,1.52E-08,29,2:Colorectum,2:Colorectum,,1
NOM:,1,2,1,0.003237987,0.023686745,0.971924059,0.001151147,5.85E-08,3.68E-09,1.10E-09,30,2:Colorectum,2:Colorectum,,0.777
NOM:,1,1,1,7.14E-07,0.999964415,1.24E-05,4.08E-07,3.40E-06,6.38E-08,1.86E-05,31,2:Colorectum,2:Colorectum,,1
NOM:,1,1,1,1.33E-04,0.966717338,1.57E-04,5.53E-06,0.002854033,2.80E-05,0.030105142,32,2:Colorectum,2:Colorectum,,0.89
NOM:,1,1,1,0.007390927,0.936847262,0.001883857,0.053428968,4.49E-04,1.17E-07,8.11E-09,33,2:Colorectum,2:Colorectum,,0.528
NOM:,1,1,1,1.39E-07,0.999999528,3.07E-08,3.26E-08,6.66E-08,1.48E-07,5.50E-08,34,2:Colorectum,2:Colorectum,,0.969
NOM:,1,1,1,0.002500482,0.827152972,1.94E-04,8.96E-05,0.014519014,9.64E-04,0.1545798,35,2:Colorectum,2:Colorectum,,0.9
NOM:,1,1,1,1.30E-05,0.99840776,1.10E-04,2.35E-05,0.001445049,1.01E-07,2.20E-07,36,2:Colorectum,2:Colorectum,,0.943
NOM:,1,1,1,0.349059984,0.630514427,0.002275809,2.48E-04,0.01788069,2.09E-05,1.20E-07,37,2:Colorectum,2:Colorectum,,0.988
NOM:,1,4,1,6.45E-04,0.086648368,2.24E-08,1.82E-05,0.912686199,7.32E-08,2.41E-06,38,2:Colorectum,2:Colorectum,,0.995
NOM:,0,4,1,0.064750879,3.22E-05,7.63E-06,2.74E-05,0.935134733,3.58E-05,1.13E-05,39,2:Colorectum,3:Upper GI,+,0.687
NOM:,0,4,1,0.325745817,0.035797064,8.42E-06,2.29E-06,0.617823915,0.019607365,0.001015128,40,5:Lung,5:Lung,,0.919
NOM:,0,0,1,0.919320008,0.076893898,0.001185227,0.00256373,2.71E-06,3.42E-05,1.94E-07,41,5:Lung,5:Lung,,0.845
NOM:,0,0,1,0.661907294,0.023050752,0.00223346,1.51E-04,0.312650612,6.52E-06,4.91E-07,42,5:Lung,5:Lung,,0.634
NOM:,0,0,1,0.891649311,0.108157704,1.90E-05,7.23E-05,7.96E-05,2.21E-05,1.24E-08,43,5:Lung,5:Lung,,0.545
NOM:,0,1,1,0.182750314,0.523409497,0.195490567,0.098234585,1.10E-04,3.64E-07,4.32E-06,44,5:Lung,5:Lung,,0.572
NOM:,0,0,1,0.813001273,0.061805261,0.124555868,6.35E-04,2.79E-06,5.82E-08,3.03E-08,45,5:Lung,5:Lung,,0.749
NOM:,5,5,1,6.97E-08,5.44E-08,6.08E-08,6.20E-08,1.49E-07,0.999999445,1.59E-07,46,5:Lung,5:Lung,,0.947
NOM:,5,5,1,1.74E-10,1.04E-10,1.09E-10,1.43E-10,9.97E-10,0.999999998,1.45E-10,47,4:Liver,1:Breast,+,0.775
NOM:,5,5,1,7.24E-07,1.12E-08,2.36E-09,1.68E-08,6.28E-08,0.999999164,1.88E-08,48,4:Liver,2:Colorectum,+,0.522
NOM:,5,5,1,1.06E-08,1.09E-08,3.16E-09,1.71E-08,4.60E-09,0.999999949,4.69E-09,49,4:Liver,3:Upper GI,+,0.648
NOM:,5,5,1,5.18E-09,1.96E-09,4.20E-09,1.90E-08,8.74E-09,0.999999952,9.27E-09,50,4:Liver,2:Colorectum,+,0.591
NOM:,6,6,1,2.36E-09,1.38E-08,2.38E-11,1.98E-09,7.44E-11,5.24E-10,0.999999981,51,1:Breast,5:Lung,+,0.859
NOM:,6,6,1,1.08E-08,2.38E-08,3.52E-09,5.63E-08,8.53E-09,1.82E-09,0.999999895,52,1:Breast,1:Breast,,0.806
NOM:,6,1,1,0.001527956,0.551682932,5.28E-04,0.001297903,0.024421981,1.07E-04,0.42043485,53,1:Breast,1:Breast,,0.565
NOM:,6,6,1,2.36E-07,5.67E-06,1.19E-06,9.27E-06,2.91E-08,1.34E-07,0.999983467,54,1:Breast,5:Lung,+,0.86
NOM:,6,6,1,1.57E-06,7.04E-06,1.41E-06,7.06E-07,2.23E-06,1.36E-06,0.999985693,55,1:Breast,1:Breast,,0.666
NOM:,6,6,1,0.008488941,0.046146437,4.97E-04,0.032700327,4.82E-07,7.64E-06,0.91215952,56,1:Breast,2:Colorectum,+,0.813
NOM:,6,6,1,0.005646048,0.095563687,3.04E-05,0.003341538,5.69E-05,1.30E-04,0.89523092,57,1:Breast,2:Colorectum,+,0.557
NOM:,3,4,1,0.004047586,0.009673999,2.32E-04,0.011179228,0.974824004,8.80E-07,4.25E-05,58,6:Ovary,6:Ovary,,0.432
NOM:,3,3,1,0.001559392,0.024810481,0.111978979,0.526024719,9.91E-05,0.002508808,0.333018475,59,6:Ovary,6:Ovary,,1
NOM:,3,4,1,7.73E-04,0.002745723,0.322221035,0.209903481,0.464325316,7.01E-06,2.47E-05,60,6:Ovary,6:Ovary,,1
NOM:,3,3,1,4.06E-06,0.001753049,0.154016111,0.844226623,1.31E-07,1.33E-08,7.67E-09,61,6:Ovary,6:Ovary,,1
,,,,,,,,,,,62,6:Ovary,6:Ovary,,1